PublicTypes.log

COMPILED_PUBLIC_TYPES_IDENTICAL


PublicAxioms.log

PrimeFactorOscillations.exists_eventually_densityRatio_signed_thetaClock_margin (a B : ℝ) (ha : 0 < a) (haB : a ≤ B) :
  ∃ K,
    0 ≤ K ∧
      ∀ᶠ (x : ℝ) in Filter.atTop,
        have L := Real.eulerMascheroniConstant + Real.log (Real.log (Chebyshev.theta x));
        have F := Robin1984.nicolasLogMertensOscillation x;
        1 < Chebyshev.theta x ∧
          2 ≤ L ∧
            ∀ (r : ℕ),
              a ≤ ↑r / L →
                ↑r / L ≤ B →
                  0 < ↑(PrimeFactorUnimodality.weightEsymm (PrimeFactorUnimodality.primesBelow (⌊x⌋₊ + 1)) r) ∧
                    0 < Nat.factorialConvolution PrimeFactorOscillations.primeProfileRealCoefficient r L ∧
                      have E :=
                        L *
                          (↑(PrimeFactorUnimodality.densityRatio (PrimeFactorUnimodality.primesBelow (⌊x⌋₊ + 1)) r) -
                            Nat.factorialConvolution PrimeFactorOscillations.primeProfileRealCoefficient (r - 1) L /
                              Nat.factorialConvolution PrimeFactorOscillations.primeProfileRealCoefficient r L);
                      (0 ≤ F → a / 2 * F - K / (a * x) ≤ E) ∧ (F ≤ 0 → E ≤ a / 2 * F + K / (a * x))
'PrimeFactorOscillations.exists_eventually_densityRatio_signed_thetaClock_margin' depends on axioms: [propext,
 Classical.choice,
 Quot.sound]
PrimeFactorOscillations.exists_eventually_floor_densityRatio_signed_margin (alpha : ℝ) (ha : 0 < alpha) :
  ∃ C,
    0 ≤ C ∧
      ∀ᶠ (x : ℝ) in Filter.atTop,
        have L := Real.eulerMascheroniConstant + Real.log (Real.log (Chebyshev.theta x));
        have F := Robin1984.nicolasLogMertensOscillation x;
        have r := ⌊alpha * L⌋₊;
        have E :=
          L *
            (↑(PrimeFactorUnimodality.densityRatio (PrimeFactorUnimodality.primesBelow (⌊x⌋₊ + 1)) r) -
              Nat.factorialConvolution PrimeFactorOscillations.primeProfileRealCoefficient (r - 1) L /
                Nat.factorialConvolution PrimeFactorOscillations.primeProfileRealCoefficient r L);
        1 < Chebyshev.theta x ∧
          2 ≤ L ∧
            0 < ↑(PrimeFactorUnimodality.weightEsymm (PrimeFactorUnimodality.primesBelow (⌊x⌋₊ + 1)) r) ∧
              0 < Nat.factorialConvolution PrimeFactorOscillations.primeProfileRealCoefficient r L ∧
                (0 ≤ F → alpha / 4 * F - C / x ≤ E) ∧ (F ≤ 0 → E ≤ alpha / 4 * F + C / x)
'PrimeFactorOscillations.exists_eventually_floor_densityRatio_signed_margin' depends on axioms: [propext,
 Classical.choice,
 Quot.sound]
PrimeFactorOscillations.densityRatio_thetaClock_two_sided_power_excursions_of_zero {rho : ℂ}
  (hZero : riemannZeta rho = 0) (hHalf : 1 / 2 < rho.re) (hOne : rho.re < 1) {b : ℝ} (hLower : 1 - rho.re < b)
  (hbHalf : b ≤ 1 / 2) (alpha : ℝ) (ha : 0 < alpha) :
  have L := fun x => Real.eulerMascheroniConstant + Real.log (Real.log (Chebyshev.theta x));
  have r := fun x => ⌊alpha * L x⌋₊;
  have E := fun x =>
    L x *
      (↑(PrimeFactorUnimodality.densityRatio (PrimeFactorUnimodality.primesBelow (⌊x⌋₊ + 1)) (r x)) -
        Nat.factorialConvolution PrimeFactorOscillations.primeProfileRealCoefficient (r x - 1) (L x) /
          Nat.factorialConvolution PrimeFactorOscillations.primeProfileRealCoefficient (r x) (L x));
  have V := fun x =>
    1 < Chebyshev.theta x ∧
      2 ≤ L x ∧
        0 < ↑(PrimeFactorUnimodality.weightEsymm (PrimeFactorUnimodality.primesBelow (⌊x⌋₊ + 1)) (r x)) ∧
          0 < Nat.factorialConvolution PrimeFactorOscillations.primeProfileRealCoefficient (r x) (L x);
  ∀ (X A : ℝ), (∃ x, max X 3 < x ∧ V x ∧ A * x ^ (-b) < E x) ∧ ∃ x, max X 3 < x ∧ V x ∧ A * x ^ (-b) < -E x
'PrimeFactorOscillations.densityRatio_thetaClock_two_sided_power_excursions_of_zero' depends on axioms: [propext,
 Classical.choice,
 Quot.sound]
PrimeFactorOscillations.publicFalseRHMovingRankPowerExcursions (hNotRH : ¬RiemannHypothesis) :
  ∃ b,
    0 < b ∧
      b < 1 / 2 ∧
        ∀ (alpha : ℝ),
          0 < alpha →
            have L := fun x => Real.eulerMascheroniConstant + Real.log (Real.log (Chebyshev.theta x));
            have r := fun x => ⌊alpha * L x⌋₊;
            have E := fun x =>
              L x *
                (↑(PrimeFactorUnimodality.densityRatio (PrimeFactorUnimodality.primesBelow (⌊x⌋₊ + 1)) (r x)) -
                  Nat.factorialConvolution PrimeFactorOscillations.primeProfileRealCoefficient (r x - 1) (L x) /
                    Nat.factorialConvolution PrimeFactorOscillations.primeProfileRealCoefficient (r x) (L x));
            have V := fun x =>
              1 < Chebyshev.theta x ∧
                2 ≤ L x ∧
                  0 < ↑(PrimeFactorUnimodality.weightEsymm (PrimeFactorUnimodality.primesBelow (⌊x⌋₊ + 1)) (r x)) ∧
                    0 < Nat.factorialConvolution PrimeFactorOscillations.primeProfileRealCoefficient (r x) (L x);
            ∀ (X A : ℝ), (∃ x, max X 3 < x ∧ V x ∧ A * x ^ (-b) < E x) ∧ ∃ x, max X 3 < x ∧ V x ∧ A * x ^ (-b) < -E x
'PrimeFactorOscillations.publicFalseRHMovingRankPowerExcursions' depends on axioms: [propext,
 Classical.choice,
 Quot.sound]
PrimeFactorOscillations.nicolasThetaError_bounds_of_power_peak (n : ℕ) (hn : 2 ≤ n) (b A : ℝ) (hb : 0 < b)
  (hbOne : b ≤ 1) (hA : 0 < A)
  (hLeft : Robin1984.nicolasK ↑n - A * ↑n ^ (-b) ≤ Robin1984.nicolasK (↑n + 1) - A * (↑n + 1) ^ (-b))
  (hRight : Robin1984.nicolasK (↑n + 2) - A * (↑n + 2) ^ (-b) ≤ Robin1984.nicolasK (↑n + 1) - A * (↑n + 1) ^ (-b)) :
  0 < Robin1984.nicolasThetaError (↑n + 1) ∧
    Robin1984.nicolasThetaError (↑n + 1) ≤ (2 * A + 1) * (↑n + 1) ^ (1 - b) * Real.log (↑n + 1)
'PrimeFactorOscillations.nicolasThetaError_bounds_of_power_peak' depends on axioms: [propext,
 Classical.choice,
 Quot.sound]
PrimeFactorOscillations.nicolasLog_lower_of_power_peak (n : ℕ) (hn : 2 ≤ n) (b A : ℝ) (hb : 0 < b) (hbOne : b ≤ 1)
  (hA : 0 < A) (hLeft : Robin1984.nicolasK ↑n - A * ↑n ^ (-b) ≤ Robin1984.nicolasK (↑n + 1) - A * (↑n + 1) ^ (-b))
  (hRight : Robin1984.nicolasK (↑n + 2) - A * (↑n + 2) ^ (-b) ≤ Robin1984.nicolasK (↑n + 1) - A * (↑n + 1) ^ (-b)) :
  Robin1984.nicolasK (↑n + 1) - (2 * A + 1) ^ 2 * (Real.log (↑n + 1) + 1) * (↑n + 1) ^ (-2 * b) / 2 ≤
    Robin1984.nicolasLogMertensOscillation (↑n + 1)
'PrimeFactorOscillations.nicolasLog_lower_of_power_peak' depends on axioms: [propext, Classical.choice, Quot.sound]
PrimeFactorOscillations.nicolasLog_power_unbounded_of_K_integer_excursions (b : ℝ) (hb : 0 < b) (hbOne : b ≤ 1)
  (hPositive : ∀ (A : ℝ), 0 < A → ∀ (N : ℕ), ∃ n, N ≤ n ∧ A * ↑n ^ (-b) < Robin1984.nicolasK ↑n)
  (hNegative : ∀ (N : ℕ), ∃ n, N ≤ n ∧ Robin1984.nicolasK ↑n < 0) (C : ℝ) (N : ℕ) :
  ∃ m, N ≤ m ∧ C * ↑m ^ (-b) < Robin1984.nicolasLogMertensOscillation ↑m
'PrimeFactorOscillations.nicolasLog_power_unbounded_of_K_integer_excursions' depends on axioms: [propext,
 Classical.choice,
 Quot.sound]
PrimeFactorOscillations.nicolasK_nat_gt_power_of_real (n : ℕ) (hn : 3 ≤ n) (x b A : ℝ) (hb : 0 < b) (hbOne : b ≤ 1)
  (hA : 0 < A) (hLog : 1 ≤ Real.log ↑n) (hLower : ↑n ≤ x) (hUpper : x ≤ ↑n + 1)
  (hSupply : (2 * A + 6) * x ^ (-b) < Robin1984.nicolasK x) : A * ↑n ^ (-b) < Robin1984.nicolasK ↑n
'PrimeFactorOscillations.nicolasK_nat_gt_power_of_real' depends on axioms: [propext, Classical.choice, Quot.sound]
PrimeFactorOscillations.nicolasLog_two_sided_power_excursions_of_zero {rho : ℂ} (hZero : riemannZeta rho = 0)
  (hHalf : 1 / 2 < rho.re) (hOne : rho.re < 1) {b : ℝ} (hLower : 1 - rho.re < b) (hbHalf : b ≤ 1 / 2) (X A : ℝ) :
  (∃ x, max X 3 < x ∧ A * x ^ (-b) < Robin1984.nicolasLogMertensOscillation x) ∧
    ∃ x, max X 3 < x ∧ A * x ^ (-b) < -Robin1984.nicolasLogMertensOscillation x
'PrimeFactorOscillations.nicolasLog_two_sided_power_excursions_of_zero' depends on axioms: [propext,
 Classical.choice,
 Quot.sound]
PrimeFactorOscillations.exists_nicolasLog_two_sided_power_excursions_of_not_RH (hNotRH : ¬RiemannHypothesis) :
  ∃ b,
    0 < b ∧
      b < 1 / 2 ∧
        ∀ (X A : ℝ),
          (∃ x, max X 3 < x ∧ A * x ^ (-b) < Robin1984.nicolasLogMertensOscillation x) ∧
            ∃ x, max X 3 < x ∧ A * x ^ (-b) < -Robin1984.nicolasLogMertensOscillation x
'PrimeFactorOscillations.exists_nicolasLog_two_sided_power_excursions_of_not_RH' depends on axioms: [propext,
 Classical.choice,
 Quot.sound]
PrimeFactorOscillations.publicZeroDependentLogarithmExcursions (rho : ℂ) (hZero : riemannZeta rho = 0)
  (hHalf : 1 / 2 < rho.re) (hOne : rho.re < 1) (b : ℝ) (hLower : 1 - rho.re < b) (hbHalf : b ≤ 1 / 2) (X A : ℝ) :
  (∃ x, max X 3 < x ∧ A * x ^ (-b) < Robin1984.nicolasLogMertensOscillation x) ∧
    ∃ x, max X 3 < x ∧ A * x ^ (-b) < -Robin1984.nicolasLogMertensOscillation x
'PrimeFactorOscillations.publicZeroDependentLogarithmExcursions' depends on axioms: [propext,
 Classical.choice,
 Quot.sound]
PrimeFactorOscillations.publicFalseRHLogarithmExcursions (hNotRH : ¬RiemannHypothesis) :
  ∃ b,
    0 < b ∧
      b < 1 / 2 ∧
        ∀ (X A : ℝ),
          (∃ x, max X 3 < x ∧ A * x ^ (-b) < Robin1984.nicolasLogMertensOscillation x) ∧
            ∃ x, max X 3 < x ∧ A * x ^ (-b) < -Robin1984.nicolasLogMertensOscillation x
'PrimeFactorOscillations.publicFalseRHLogarithmExcursions' depends on axioms: [propext, Classical.choice, Quot.sound]
PrimeFactorOscillations.exists_eventually_nicolasHeightTangentError_log_bound (hRH : RiemannHypothesis) :
  ∃ C,
    0 < C ∧
      ∀ᶠ (x : ℝ) in Filter.atTop,
        0 ≤ PrimeFactorOscillations.nicolasHeightTangentError x ∧
          PrimeFactorOscillations.nicolasHeightTangentError x ≤ C * Real.log x ^ 3 / x
'PrimeFactorOscillations.exists_eventually_nicolasHeightTangentError_log_bound' depends on axioms: [propext,
 Classical.choice,
 Quot.sound]
PrimeFactorOscillations.exists_eventually_nicolasLog_sub_K_le_log_cube (hRH : RiemannHypothesis) :
  ∃ C,
    0 < C ∧
      ∀ᶠ (x : ℝ) in Filter.atTop,
        |Robin1984.nicolasLogMertensOscillation x - Robin1984.nicolasK x| ≤ C * Real.log x ^ 3 / x
'PrimeFactorOscillations.exists_eventually_nicolasLog_sub_K_le_log_cube' depends on axioms: [propext,
 Classical.choice,
 Quot.sound]
PrimeFactorOscillations.publicRHLogarithmicCorrection (hRH : RiemannHypothesis) :
  (∃ C,
      0 < C ∧
        ∀ᶠ (x : ℝ) in Filter.atTop,
          0 ≤ PrimeFactorOscillations.nicolasHeightTangentError x ∧
            PrimeFactorOscillations.nicolasHeightTangentError x ≤ C * Real.log x ^ 3 / x) ∧
    ∃ C,
      0 < C ∧
        ∀ᶠ (x : ℝ) in Filter.atTop,
          |Robin1984.nicolasLogMertensOscillation x - Robin1984.nicolasK x| ≤ C * Real.log x ^ 3 / x
'PrimeFactorOscillations.publicRHLogarithmicCorrection' depends on axioms: [propext, Classical.choice, Quot.sound]
PrimeFactorOscillations.exists_nicolasLogDegreeError_le_mass (hRH : RiemannHypothesis) :
  ∃ D,
    0 < D ∧
      ∀ (n : ℕ),
        2 ≤ n →
          ∀ (x : ℝ),
            2 ≤ x →
              1 ≤ Real.log x →
                |Robin1984.robinPsiWeightedErrorIntegral n x| ≤
                  D * Real.log (↑n + 2) ^ 2 * √x * PrimeFactorOscillations.nicolasDegreeMass n x
'PrimeFactorOscillations.exists_nicolasLogDegreeError_le_mass' depends on axioms: [propext,
 Classical.choice,
 Quot.sound]
PrimeFactorOscillations.exists_nicolasPsiError_le_sqrt_log_sq (hRH : RiemannHypothesis) :
  ∃ C, 0 < C ∧ ∀ (x : ℝ), 4 ≤ x → 1 ≤ Real.log (x / 2) → |Chebyshev.psi x - x| ≤ C * √x * Real.log x ^ 2
'PrimeFactorOscillations.exists_nicolasPsiError_le_sqrt_log_sq' depends on axioms: [propext,
 Classical.choice,
 Quot.sound]
PrimeFactorOscillations.exists_nicolasThetaError_le_sqrt_log_sq (hRH : RiemannHypothesis) :
  ∃ C, 0 < C ∧ ∀ (x : ℝ), 4 ≤ x → 1 ≤ Real.log (x / 2) → |Chebyshev.theta x - x| ≤ C * √x * Real.log x ^ 2
'PrimeFactorOscillations.exists_nicolasThetaError_le_sqrt_log_sq' depends on axioms: [propext,
 Classical.choice,
 Quot.sound]
PrimeFactorOscillations.publicRHPointwiseLogarithmicBound (hRH : RiemannHypothesis) :
  ∃ C,
    0 < C ∧
      ∀ (x : ℝ),
        4 ≤ x →
          1 ≤ Real.log (x / 2) →
            |Chebyshev.psi x - x| ≤ C * √x * Real.log x ^ 2 ∧ |Chebyshev.theta x - x| ≤ C * √x * Real.log x ^ 2
'PrimeFactorOscillations.publicRHPointwiseLogarithmicBound' depends on axioms: [propext, Classical.choice, Quot.sound]
PrimeFactorOscillations.exists_nicolasZeroCoefficient_log_bound (hRH : RiemannHypothesis) :
  ∃ D,
    0 < D ∧
      ∀ (n : ℕ),
        2 ≤ n →
          ∑' (p : RiemannXiDivisorZeroIndex), ‖↑n / (↑n - riemannXiDivisorZeroValue p) / riemannXiDivisorZeroValue p‖ ≤
            D * Real.log (↑n + 2) ^ 2
'PrimeFactorOscillations.exists_nicolasZeroCoefficient_log_bound' depends on axioms: [propext,
 Classical.choice,
 Quot.sound]
PrimeFactorOscillations.publicRHWeightedZeroCoefficientBound (hRH : RiemannHypothesis) :
  ∃ C,
    0 < C ∧
      ∀ (n : ℕ),
        2 ≤ n →
          ∑' (p : RiemannXiDivisorZeroIndex),
              ↑n / (‖riemannXiDivisorZeroValue p‖ * ‖↑n - riemannXiDivisorZeroValue p‖) ≤
            C * Real.log (↑n + 2) ^ 2
'PrimeFactorOscillations.publicRHWeightedZeroCoefficientBound' depends on axioms: [propext,
 Classical.choice,
 Quot.sound]
PrimeFactorOscillations.nicolasXi_finite_zero_ball (R : ℝ) : Finite { p // ‖riemannXiDivisorZeroValue p‖ ≤ R }
'PrimeFactorOscillations.nicolasXi_finite_zero_ball' depends on axioms: [propext, Classical.choice, Quot.sound]
PrimeFactorOscillations.nicolasXi_zero_count_logarithmic :
  ∃ C, 0 < C ∧ ∀ (R : ℝ), 1 ≤ R → ↑(Nat.card { p // ‖riemannXiDivisorZeroValue p‖ ≤ R }) ≤ C * R * Real.log (R + 2)
'PrimeFactorOscillations.nicolasXi_zero_count_logarithmic' depends on axioms: [propext, Classical.choice, Quot.sound]
PrimeFactorOscillations.publicXiZeroCounting :
  ∃ C,
    0 < C ∧
      ∀ (R : ℝ),
        1 ≤ R →
          Finite { p // ‖riemannXiDivisorZeroValue p‖ ≤ R } ∧
            ↑(Nat.card { p // ‖riemannXiDivisorZeroValue p‖ ≤ R }) ≤ C * R * Real.log (R + 2)
'PrimeFactorOscillations.publicXiZeroCounting' depends on axioms: [propext, Classical.choice, Quot.sound]
PrimeFactorOscillations.nicolasXi_right_growth :
  ∃ C,
    0 < C ∧ ∀ (w : ℂ), 1 / 2 ≤ w.re → 4 ≤ ‖w‖ → ‖w.riemannXi‖ ≤ (1 + ‖w‖) ^ 3 * Real.exp (C * ‖w‖ * Real.log (1 + ‖w‖))
'PrimeFactorOscillations.nicolasXi_right_growth' depends on axioms: [propext, Classical.choice, Quot.sound]
PrimeFactorOscillations.nicolasXi_log_growth :
  ∃ C, 0 < C ∧ ∀ (z : ℂ), Real.log (1 + ‖z.riemannXi‖) ≤ C * (1 + ‖z‖) * Real.log (2 + ‖z‖)
'PrimeFactorOscillations.nicolasXi_log_growth' depends on axioms: [propext, Classical.choice, Quot.sound]
PrimeFactorOscillations.publicXiLogarithmicGrowth :
  ∃ C, 0 < C ∧ ∀ (z : ℂ), Real.log (1 + ‖z.riemannXi‖) ≤ C * (1 + ‖z‖) * Real.log (2 + ‖z‖)
'PrimeFactorOscillations.publicXiLogarithmicGrowth' depends on axioms: [propext, Classical.choice, Quot.sound]
PrimeGaps.eventually_many_prime_windows_600 :
  ∀ᶠ (N : ℕ) in Filter.atTop,
    ↑N ^ (1 / 3) ≤ ↑{n ∈ Finset.Ioc N (2 * N) | 2 ≤ (Finset.filter Nat.Prime (Finset.Icc n (n + 600))).card}.card
'PrimeGaps.eventually_many_prime_windows_600' depends on axioms: [propext, Classical.choice, Quot.sound]
PrimeFactorOscillations.both_reversal_bounds_of_quantitative_prime_windows (H : ℕ) (delta a : ℝ) (hd : 0 < delta)
  (ha : 0 < a) (haH : a < 1 / (↑H + 1))
  (hsupply :
    ∀ᶠ (N : ℕ) in Filter.atTop,
      ↑N ^ delta ≤ ↑{n ∈ Finset.Ioc N (2 * N) | 2 ≤ (Finset.filter Nat.Prime (Finset.Icc n (n + H))).card}.card)
  (epsilon : ℝ) :
  0 < epsilon →
    ∃ K,
      1 ≤ K ∧
        ∀ (k : ℕ),
          K ≤ k →
            PrimeFactorOscillations.ReversalBoundsAt (PrimeFactorOscillations.ordinaryDensity k) k a epsilon ∧
              PrimeFactorOscillations.ReversalBoundsAt (PrimeFactorOscillations.genericOddDensity k) k a epsilon
'PrimeFactorOscillations.both_reversal_bounds_of_quantitative_prime_windows' depends on axioms: [propext,
 Classical.choice,
 Quot.sound]
PrimeFactorOscillations.doubleExponentialReversalBounds : PrimeFactorOscillations.DoubleExponentialReversalBounds
'PrimeFactorOscillations.doubleExponentialReversalBounds' depends on axioms: [propext, Classical.choice, Quot.sound]
PrimeFactorOscillations.publicDoubleExponentialReversalBounds :
  have density := fun eta k i =>
    have p := Nat.nth Nat.Prime i;
    eta p *
      List.foldr (fun ell f t => Nat.rec ((1 - eta ell) * f 0) (fun j x => (1 - eta ell) * f (j + 1) + eta ell * f j) t)
        (fun t => Nat.rec 1 (fun x x_1 => 0) t) ((Finset.filter Nat.Prime (Finset.range p)).sort fun a b => a ≤ b)
        (k - 1);
  have ordinary := density fun p => 1 / ↑p;
  have odd := density fun p => if p = 2 then 0 else (↑p - 2) / (↑p - 1) ^ 2;
  have witnesses := fun f m =>
    ∃ descent ascent,
      (∀ (j : Fin m), descent j < ascent j ∧ f (descent j + 1) < f (descent j) ∧ f (ascent j) < f (ascent j + 1)) ∧
        ∀ (i j : Fin m), i < j → ascent i + 1 < descent j;
  have maximum := fun f N => witnesses f N ∧ ∀ (m : ℕ), witnesses f m → m ≤ N;
  have bounds := fun f k a epsilon =>
    ∃ N, maximum f N ∧ Real.exp (Real.exp (a * ↑k)) ≤ ↑N ∧ ↑N ≤ Real.exp (Real.exp ((1 / 3 + epsilon) * ↑k));
  ∃ a,
    0 < a ∧
      ∀ (epsilon : ℝ),
        0 < epsilon → ∃ K, 1 ≤ K ∧ ∀ (k : ℕ), K ≤ k → bounds (ordinary k) k a epsilon ∧ bounds (odd k) k a epsilon
'PrimeFactorOscillations.publicDoubleExponentialReversalBounds' depends on axioms: [propext,
 Classical.choice,
 Quot.sound]
PrimeFactorOscillations.ReciprocalSmoothLaw.exists_sharp_reversal_rate_all_ranks
  (law : PrimeFactorOscillations.ReciprocalSmoothLaw) :
  ∃ n,
    (∀ (k : ℕ), PrimeFactorOscillations.HasReversalNumber (law.rankDensity k) (n k)) ∧
      Filter.limsup (fun k => Real.log (Real.log (3 + ↑(n k))) / ↑k) Filter.atTop =
        PrimeFactorOscillations.primeGapSpectrum law.nu
'PrimeFactorOscillations.ReciprocalSmoothLaw.exists_sharp_reversal_rate_all_ranks' depends on axioms: [propext,
 Classical.choice,
 Quot.sound]
PrimeFactorOscillations.AffineSumFamily.exists_sharp_arithmetic_reversal_rate_all_ranks
  (F : PrimeFactorOscillations.AffineSumFamily) :
  ∃ d n,
    (∀ (k i : ℕ),
        Filter.Tendsto
          (fun N =>
            PrimeFactorOscillations.primePairProbability N fun ab =>
              PrimeFactorUnimodality.IsKthDistinctPrimeFactor (F.value ab.1 ab.2).natAbs k
                (PrimeFactorUnimodality.primeAt i))
          Filter.atTop (nhds (d k i))) ∧
      (∀ (k : ℕ), PrimeFactorOscillations.HasReversalNumber (d k) (n k)) ∧
        Filter.limsup (fun k => Real.log (Real.log (3 + ↑(n k))) / ↑k) Filter.atTop =
            PrimeFactorOscillations.primeGapSpectrum ↑F.arity ∧
          0 < PrimeFactorOscillations.primeGapSpectrum ↑F.arity
'PrimeFactorOscillations.AffineSumFamily.exists_sharp_arithmetic_reversal_rate_all_ranks' depends on axioms: [propext,
 Classical.choice,
 Quot.sound]
PrimeFactorOscillations.exists_affine_arithmetic_rate_recovers_full_gap_class :
  ∃ J V,
    2 ≤ J ∧
      PrimeFactorOscillations.primeGapFrequencyExponent J = 1 ∧
        ∀ (F : PrimeFactorOscillations.AffineSumFamily),
          V ≤ F.arity →
            ∃ d n,
              (∀ (k i : ℕ),
                  Filter.Tendsto
                    (fun N =>
                      PrimeFactorOscillations.primePairProbability N fun ab =>
                        PrimeFactorUnimodality.IsKthDistinctPrimeFactor (F.value ab.1 ab.2).natAbs k
                          (PrimeFactorUnimodality.primeAt i))
                    Filter.atTop (nhds (d k i))) ∧
                (∃ K, ∀ (k : ℕ), K ≤ k → PrimeFactorOscillations.HasReversalNumber (d k) (n k)) ∧
                  1 / Filter.limsup (fun k => Real.log (Real.log (3 + ↑(n k))) / ↑k) Filter.atTop - ↑F.arity = ↑J
'PrimeFactorOscillations.exists_affine_arithmetic_rate_recovers_full_gap_class' depends on axioms: [propext,
 Classical.choice,
 Quot.sound]
PrimeFactorOscillations.publicAffinePrimePairSpectrum :
  have prime := fun i => Nat.nth Nat.Prime i;
  have gapCount := fun H X => {i ∈ Finset.range X | prime i ≤ X ∧ prime (i + 1) - prime i ≤ H}.card;
  have gamma := fun H =>
    Filter.limsup (fun X => Real.log (Real.log (3 + ↑(gapCount H X))) / Real.log (Real.log ↑X)) Filter.atTop;
  have witnesses := fun f j =>
    ∃ descent ascent,
      (∀ (t : Fin j), descent t < ascent t ∧ f (descent t + 1) < f (descent t) ∧ f (ascent t) < f (ascent t + 1)) ∧
        ∀ (s t : Fin j), s < t → ascent s + 1 < descent t;
  have maximum := fun f j => witnesses f j ∧ ∀ (h : ℕ), witnesses f h → h ≤ j;
  ∀ (m : ℕ),
    0 < m →
      ∀ (c shift : Fin m → ℤ),
        (∀ (j : Fin m), 0 < c j) →
          (∀ (i j : Fin m), ¬i = j → ¬c i * shift j = c j * shift i) →
            have value := fun a b => ∏ j, (c j * (↑a + ↑b) + shift j);
            ∃ density counts,
              (∀ (k : ℕ),
                  1 ≤ k →
                    ∀ (i : ℕ),
                      Filter.Tendsto
                        (fun X =>
                          ↑{ab ∈ X.primesLE ×ˢ X.primesLE |
                                  Nat.Prime (prime i) ∧
                                    prime i ∣ (value ab.1 ab.2).natAbs ∧
                                      ¬(value ab.1 ab.2).natAbs = 0 ∧
                                        {ell ∈ (value ab.1 ab.2).natAbs.primeFactors | ell < prime i}.card =
                                          k - 1}.card /
                            ↑X.primeCounting ^ 2)
                        Filter.atTop (nhds (density k i))) ∧
                (∀ (k : ℕ), 1 ≤ k → maximum (density k) (counts k)) ∧
                  Filter.limsup (fun k => Real.log (Real.log (3 + ↑(counts k))) / ↑k) Filter.atTop =
                      sSup (Set.range fun j => gamma (j + 2) / (↑j + 2 + ↑m)) ∧
                    0 < sSup (Set.range fun j => gamma (j + 2) / (↑j + 2 + ↑m))
'PrimeFactorOscillations.publicAffinePrimePairSpectrum' depends on axioms: [propext, Classical.choice, Quot.sound]
PrimeFactorOscillations.recurrent_short_gaps_iff_late_ascents (H : ℕ) (hH : 1 ≤ H) (b : ℝ) (hb : 1 / (↑H + 2) < b)
  (hupper : b < 1 / (↑H + 1)) :
  (∀ (Q : ℕ),
      ∃ i,
        Q ≤ PrimeFactorUnimodality.primeAt i ∧
          PrimeFactorUnimodality.primeAt (i + 1) ≤ PrimeFactorUnimodality.primeAt i + H) ↔
    ∀ (K Q : ℕ),
      ∃ k i,
        K ≤ k ∧
          Q ≤ PrimeFactorUnimodality.primeAt i ∧
            b * ↑k ≤ Real.log (Real.log ↑(PrimeFactorUnimodality.primeAt i - 1)) ∧
              PrimeFactorOscillations.genericOddDensity k i < PrimeFactorOscillations.genericOddDensity k (i + 1) ∧
                PrimeFactorOscillations.ordinaryDensity k i < PrimeFactorOscillations.ordinaryDensity k (i + 1)
'PrimeFactorOscillations.recurrent_short_gaps_iff_late_ascents' depends on axioms: [propext,
 Classical.choice,
 Quot.sound]
PrimeFactorOscillations.late_ascent_critical_scale (h : ℕ) (hh : 1 ≤ h)
  (hrec :
    ∀ (Q : ℕ),
      ∃ i,
        Q ≤ PrimeFactorUnimodality.primeAt i ∧
          PrimeFactorUnimodality.primeAt (i + 1) ≤ PrimeFactorUnimodality.primeAt i + h)
  (hmin :
    ∃ Q,
      ∀ (i : ℕ),
        Q ≤ PrimeFactorUnimodality.primeAt i →
          PrimeFactorUnimodality.primeAt i + h ≤ PrimeFactorUnimodality.primeAt (i + 1)) :
  (∀ (b : ℝ),
      0 < b →
        b < 1 / (↑h + 1) →
          ∀ (K Q : ℕ),
            ∃ k i,
              K ≤ k ∧
                Q ≤ PrimeFactorUnimodality.primeAt i ∧
                  b * ↑k ≤ Real.log (Real.log ↑(PrimeFactorUnimodality.primeAt i - 1)) ∧
                    PrimeFactorOscillations.genericOddDensity k i <
                        PrimeFactorOscillations.genericOddDensity k (i + 1) ∧
                      PrimeFactorOscillations.ordinaryDensity k i < PrimeFactorOscillations.ordinaryDensity k (i + 1)) ∧
    ∀ (b : ℝ),
      1 / (↑h + 1) < b →
        ∃ K Q,
          ∀ (k i : ℕ),
            K ≤ k →
              Q ≤ PrimeFactorUnimodality.primeAt i →
                b * ↑k ≤ Real.log (Real.log ↑(PrimeFactorUnimodality.primeAt i - 1)) →
                  PrimeFactorOscillations.genericOddDensity k (i + 1) < PrimeFactorOscillations.genericOddDensity k i ∧
                    PrimeFactorOscillations.ordinaryDensity k (i + 1) < PrimeFactorOscillations.ordinaryDensity k i
'PrimeFactorOscillations.late_ascent_critical_scale' depends on axioms: [propext, Classical.choice, Quot.sound]
PrimeFactorOscillations.ascent_above_one_fifth_forces_twins (b : ℝ) (hb : 1 / 5 < b) :
  ∃ K Q,
    2 ≤ K ∧
      3 ≤ Q ∧
        ∀ (k : ℕ),
          K ≤ k →
            ∀ (i : ℕ),
              Q ≤ PrimeFactorUnimodality.primeAt i →
                b * ↑k ≤ Real.log (Real.log ↑(PrimeFactorUnimodality.primeAt i - 1)) →
                  PrimeFactorOscillations.ordinaryDensity k i < PrimeFactorOscillations.ordinaryDensity k (i + 1) ∨
                      PrimeFactorOscillations.genericOddDensity k i <
                        PrimeFactorOscillations.genericOddDensity k (i + 1) →
                    PrimeFactorUnimodality.primeAt (i + 1) = PrimeFactorUnimodality.primeAt i + 2
'PrimeFactorOscillations.ascent_above_one_fifth_forces_twins' depends on axioms: [propext, Classical.choice, Quot.sound]
PrimeFactorOscillations.infinitely_many_twins_of_late_ascent_supply (b : ℝ) (hb : 1 / 5 < b)
  (hsupply :
    ∀ (K Q : ℕ),
      ∃ k i,
        K ≤ k ∧
          Q ≤ PrimeFactorUnimodality.primeAt i ∧
            b * ↑k ≤ Real.log (Real.log ↑(PrimeFactorUnimodality.primeAt i - 1)) ∧
              (PrimeFactorOscillations.ordinaryDensity k i < PrimeFactorOscillations.ordinaryDensity k (i + 1) ∨
                PrimeFactorOscillations.genericOddDensity k i < PrimeFactorOscillations.genericOddDensity k (i + 1)))
  (X : ℕ) : ∃ p, X ≤ p ∧ Nat.Prime p ∧ Nat.Prime (p + 2)
'PrimeFactorOscillations.infinitely_many_twins_of_late_ascent_supply' depends on axioms: [propext,
 Classical.choice,
 Quot.sound]
PrimeFactorOscillations.eventually_densityRatio_thetaClock_lt_reference_of_RH (hRH : RiemannHypothesis) (alpha : ℝ)
  (ha : 0 < alpha) :
  ∀ᶠ (N : ℕ) in Filter.atTop,
    have L := Real.eulerMascheroniConstant + Real.log (Real.log (Chebyshev.theta ↑N));
    have r := ⌊alpha * L⌋₊;
    ↑(PrimeFactorUnimodality.densityRatio (PrimeFactorUnimodality.primesBelow (N + 1)) r) <
      Nat.factorialConvolution PrimeFactorOscillations.primeProfileRealCoefficient (r - 1) L /
        Nat.factorialConvolution PrimeFactorOscillations.primeProfileRealCoefficient r L
'PrimeFactorOscillations.eventually_densityRatio_thetaClock_lt_reference_of_RH' depends on axioms: [propext,
 Classical.choice,
 Quot.sound]
PrimeFactorOscillations.riemannHypothesis_of_eventually_densityRatio_thetaClock_lt_reference (alpha : ℝ)
  (ha : 0 < alpha)
  (hEvent :
    ∀ᶠ (N : ℕ) in Filter.atTop,
      have L := Real.eulerMascheroniConstant + Real.log (Real.log (Chebyshev.theta ↑N));
      have r := ⌊alpha * L⌋₊;
      ↑(PrimeFactorUnimodality.densityRatio (PrimeFactorUnimodality.primesBelow (N + 1)) r) <
        Nat.factorialConvolution PrimeFactorOscillations.primeProfileRealCoefficient (r - 1) L /
          Nat.factorialConvolution PrimeFactorOscillations.primeProfileRealCoefficient r L) :
  RiemannHypothesis
'PrimeFactorOscillations.riemannHypothesis_of_eventually_densityRatio_thetaClock_lt_reference' depends on axioms: [propext,
 Classical.choice,
 Quot.sound]
PrimeFactorOscillations.riemannHypothesis_iff_eventually_densityRatio_thetaClock_lt_reference (alpha : ℝ)
  (ha : 0 < alpha) :
  RiemannHypothesis ↔
    ∀ᶠ (N : ℕ) in Filter.atTop,
      have L := Real.eulerMascheroniConstant + Real.log (Real.log (Chebyshev.theta ↑N));
      have r := ⌊alpha * L⌋₊;
      ↑(PrimeFactorUnimodality.densityRatio (PrimeFactorUnimodality.primesBelow (N + 1)) r) <
        Nat.factorialConvolution PrimeFactorOscillations.primeProfileRealCoefficient (r - 1) L /
          Nat.factorialConvolution PrimeFactorOscillations.primeProfileRealCoefficient r L
'PrimeFactorOscillations.riemannHypothesis_iff_eventually_densityRatio_thetaClock_lt_reference' depends on axioms: [propext,
 Classical.choice,
 Quot.sound]
PrimeFactorOscillations.publicMovingRankRHCriterion (alpha : ℝ) (ha : 0 < alpha) :
  RiemannHypothesis ↔
    ∀ᶠ (N : ℕ) in Filter.atTop,
      have L := Real.eulerMascheroniConstant + Real.log (Real.log (Chebyshev.theta ↑N));
      have r := ⌊alpha * L⌋₊;
      ↑(PrimeFactorUnimodality.densityRatio (PrimeFactorUnimodality.primesBelow (N + 1)) r) <
        Nat.factorialConvolution PrimeFactorOscillations.primeProfileRealCoefficient (r - 1) L /
          Nat.factorialConvolution PrimeFactorOscillations.primeProfileRealCoefficient r L
'PrimeFactorOscillations.publicMovingRankRHCriterion' depends on axioms: [propext, Classical.choice, Quot.sound]
PrimeFactorOscillations.riemannHypothesis_iff_eventually_nicolasLog_neg :
  RiemannHypothesis ↔ ∀ᶠ (x : ℝ) in Filter.atTop, Robin1984.nicolasLogMertensOscillation x < 0
'PrimeFactorOscillations.riemannHypothesis_iff_eventually_nicolasLog_neg' depends on axioms: [propext,
 Classical.choice,
 Quot.sound]
PrimeFactorOscillations.riemannHypothesis_iff_eventually_theta_lt_primeProductClock :
  RiemannHypothesis ↔ ∀ᶠ (x : ℝ) in Filter.atTop, Chebyshev.theta x < PrimeFactorOscillations.nicolasPrimeProductClock x
'PrimeFactorOscillations.riemannHypothesis_iff_eventually_theta_lt_primeProductClock' depends on axioms: [propext,
 Classical.choice,
 Quot.sound]
PrimeFactorOscillations.riemannHypothesis_iff_eventually_thetaTailIntegral_neg :
  RiemannHypothesis ↔
    ∀ᶠ (x : ℝ) in Filter.atTop,
      ∫ (t : ℝ) in Set.Ioi x, (Chebyshev.theta t - t) * ((1 / Real.log t + 1 / Real.log t ^ 2) / t ^ 2) < 0
'PrimeFactorOscillations.riemannHypothesis_iff_eventually_thetaTailIntegral_neg' depends on axioms: [propext,
 Classical.choice,
 Quot.sound]
PrimeFactorOscillations.publicThetaTailRHCriterion :
  RiemannHypothesis ↔
    ∀ᶠ (x : ℝ) in Filter.atTop,
      ∫ (t : ℝ) in Set.Ioi x, (Chebyshev.theta t - t) * ((1 / Real.log t + 1 / Real.log t ^ 2) / t ^ 2) < 0
'PrimeFactorOscillations.publicThetaTailRHCriterion' depends on axioms: [propext, Classical.choice, Quot.sound]
PrimeFactorOscillations.publicPrimeProductClockRHCriterion :
  RiemannHypothesis ↔
    ∀ᶠ (x : ℝ) in Filter.atTop,
      Chebyshev.theta x < Real.exp (Real.exp (-Real.eulerMascheroniConstant) / ∏ p ∈ ⌊x⌋₊.primesLE, (1 - 1 / ↑p))
'PrimeFactorOscillations.publicPrimeProductClockRHCriterion' depends on axioms: [propext, Classical.choice, Quot.sound]
PrimeFactorOscillations.exists_eventually_densityRatio_real_thetaClock_linearization (b : ℝ) (hb : 0 < b) :
  ∃ r0 K,
    0 < r0 ∧
      0 ≤ K ∧
        ∀ᶠ (x : ℝ) in Filter.atTop,
          have L := Real.eulerMascheroniConstant + Real.log (Real.log (Chebyshev.theta x));
          have F := Robin1984.nicolasLogMertensOscillation x;
          1 < Chebyshev.theta x ∧
            2 ≤ L ∧
              ∀ (r : ℕ),
                r0 ≤ r →
                  ↑r / L ≤ b →
                    0 < ↑(PrimeFactorUnimodality.weightEsymm (PrimeFactorUnimodality.primesBelow (⌊x⌋₊ + 1)) r) ∧
                      0 < Nat.factorialConvolution PrimeFactorOscillations.primeProfileRealCoefficient r L ∧
                        |↑(PrimeFactorUnimodality.densityRatio (PrimeFactorUnimodality.primesBelow (⌊x⌋₊ + 1)) r) -
                                Nat.factorialConvolution PrimeFactorOscillations.primeProfileRealCoefficient (r - 1) L /
                                  Nat.factorialConvolution PrimeFactorOscillations.primeProfileRealCoefficient r L -
                              ↑r / L ^ 2 * F| ≤
                          K * (|F| / L ^ 2 + 1 / (↑r * x))
'PrimeFactorOscillations.exists_eventually_densityRatio_real_thetaClock_linearization' depends on axioms: [propext,
 Classical.choice,
 Quot.sound]
PrimeFactorOscillations.publicDensityRatioLinearization (b : ℝ) (hb : 0 < b) :
  ∃ r0 K,
    0 < r0 ∧
      0 ≤ K ∧
        ∀ᶠ (x : ℝ) in Filter.atTop,
          have L := Real.eulerMascheroniConstant + Real.log (Real.log (Chebyshev.theta x));
          have F := Robin1984.nicolasLogMertensOscillation x;
          1 < Chebyshev.theta x ∧
            2 ≤ L ∧
              ∀ (r : ℕ),
                r0 ≤ r →
                  ↑r / L ≤ b →
                    0 < ↑(PrimeFactorUnimodality.weightEsymm (PrimeFactorUnimodality.primesBelow (⌊x⌋₊ + 1)) r) ∧
                      0 < Nat.factorialConvolution PrimeFactorOscillations.primeProfileRealCoefficient r L ∧
                        |↑(PrimeFactorUnimodality.densityRatio (PrimeFactorUnimodality.primesBelow (⌊x⌋₊ + 1)) r) -
                                Nat.factorialConvolution PrimeFactorOscillations.primeProfileRealCoefficient (r - 1) L /
                                  Nat.factorialConvolution PrimeFactorOscillations.primeProfileRealCoefficient r L -
                              ↑r / L ^ 2 * F| ≤
                          K * (|F| / L ^ 2 + 1 / (↑r * x))
'PrimeFactorOscillations.publicDensityRatioLinearization' depends on axioms: [propext, Classical.choice, Quot.sound]
PrimeFactorOscillations.eventually_densityRatio_thetaClock_lt_reference_uniform_of_RH (hRH : RiemannHypothesis)
  (a b : ℝ) (ha : 0 < a) (hab : a ≤ b) :
  ∀ᶠ (x : ℝ) in Filter.atTop,
    have L := Real.eulerMascheroniConstant + Real.log (Real.log (Chebyshev.theta x));
    1 < Chebyshev.theta x ∧
      2 ≤ L ∧
        ∀ (r : ℕ),
          a ≤ ↑r / L →
            ↑r / L ≤ b →
              0 < ↑(PrimeFactorUnimodality.weightEsymm (PrimeFactorUnimodality.primesBelow (⌊x⌋₊ + 1)) r) ∧
                0 < Nat.factorialConvolution PrimeFactorOscillations.primeProfileRealCoefficient r L ∧
                  ↑(PrimeFactorUnimodality.densityRatio (PrimeFactorUnimodality.primesBelow (⌊x⌋₊ + 1)) r) <
                    Nat.factorialConvolution PrimeFactorOscillations.primeProfileRealCoefficient (r - 1) L /
                      Nat.factorialConvolution PrimeFactorOscillations.primeProfileRealCoefficient r L
'PrimeFactorOscillations.eventually_densityRatio_thetaClock_lt_reference_uniform_of_RH' depends on axioms: [propext,
 Classical.choice,
 Quot.sound]
PrimeFactorOscillations.ordinary_ascent_reference_gap_bound_of_RH (hRH : RiemannHypothesis) (a b : ℝ) (ha : 0 < a)
  (hab : a ≤ b) :
  ∃ Q,
    3 ≤ Q ∧
      ∀ (i : ℕ),
        Q ≤ PrimeFactorUnimodality.primeAt i →
          have L :=
            Real.eulerMascheroniConstant +
              Real.log (Real.log (Chebyshev.theta ↑(PrimeFactorUnimodality.primeAt i - 1)));
          ∀ (k : ℕ),
            a ≤ ↑(k - 1) / L →
              ↑(k - 1) / L ≤ b →
                PrimeFactorOscillations.ordinaryDensity k i < PrimeFactorOscillations.ordinaryDensity k (i + 1) →
                  ↑(PrimeFactorUnimodality.primeGap i) + 1 <
                    Nat.factorialConvolution PrimeFactorOscillations.primeProfileRealCoefficient (k - 2) L /
                      Nat.factorialConvolution PrimeFactorOscillations.primeProfileRealCoefficient (k - 1) L
'PrimeFactorOscillations.ordinary_ascent_reference_gap_bound_of_RH' depends on axioms: [propext,
 Classical.choice,
 Quot.sound]
PrimeFactorOscillations.publicRHAscentReferenceBound (hRH : RiemannHypothesis) (a b : ℝ) (ha : 0 < a) (hab : a ≤ b) :
  ∃ Q,
    3 ≤ Q ∧
      ∀ (i : ℕ),
        Q ≤ PrimeFactorUnimodality.primeAt i →
          have L :=
            Real.eulerMascheroniConstant +
              Real.log (Real.log (Chebyshev.theta ↑(PrimeFactorUnimodality.primeAt i - 1)));
          ∀ (k : ℕ),
            a ≤ ↑(k - 1) / L →
              ↑(k - 1) / L ≤ b →
                PrimeFactorOscillations.ordinaryDensity k i < PrimeFactorOscillations.ordinaryDensity k (i + 1) →
                  ↑(PrimeFactorUnimodality.primeGap i) + 1 <
                    Nat.factorialConvolution PrimeFactorOscillations.primeProfileRealCoefficient (k - 2) L /
                      Nat.factorialConvolution PrimeFactorOscillations.primeProfileRealCoefficient (k - 1) L
'PrimeFactorOscillations.publicRHAscentReferenceBound' depends on axioms: [propext, Classical.choice, Quot.sound]
PrimeFactorOscillations.exists_primeProfile_reference_value_bound (b : ℝ) (hb : 0 ≤ b) :
  ∃ r0 C,
    0 < r0 ∧
      0 ≤ C ∧
        ∀ (r : ℕ),
          r0 ≤ r →
            ∀ (u : ℝ),
              0 < u →
                ↑r / u ≤ b →
                  0 < Nat.factorialConvolution PrimeFactorOscillations.primeProfileRealCoefficient r u ∧
                    DifferentiableAt ℝ
                        (fun v =>
                          Nat.factorialConvolution PrimeFactorOscillations.primeProfileRealCoefficient (r - 1) v /
                            Nat.factorialConvolution PrimeFactorOscillations.primeProfileRealCoefficient r v)
                        u ∧
                      |Nat.factorialConvolution PrimeFactorOscillations.primeProfileRealCoefficient (r - 1) u /
                                Nat.factorialConvolution PrimeFactorOscillations.primeProfileRealCoefficient r u *
                              u -
                            ↑r| ≤
                        C
'PrimeFactorOscillations.exists_primeProfile_reference_value_bound' depends on axioms: [propext,
 Classical.choice,
 Quot.sound]
PrimeFactorOscillations.exists_primeProfile_reference_local_crossing (s : ℝ) (hs : 0 < s) :
  ∃ A r0,
    0 < A ∧
      0 < r0 ∧
        ∀ (r : ℕ),
          r0 ≤ r →
            (∀ (u : ℝ),
                Set.Icc (↑r / s - A) (↑r / s + A) u →
                  0 < u ∧
                    s / 2 ≤ ↑r / u ∧
                      ↑r / u ≤ 2 * s ∧
                        0 < Nat.factorialConvolution PrimeFactorOscillations.primeProfileRealCoefficient r u) ∧
              ∃ u,
                Set.Ioo (↑r / s - A) (↑r / s + A) u ∧
                  Nat.factorialConvolution PrimeFactorOscillations.primeProfileRealCoefficient (r - 1) u /
                        Nat.factorialConvolution PrimeFactorOscillations.primeProfileRealCoefficient r u =
                      s ∧
                    ∀ (v : ℝ),
                      Set.Icc (↑r / s - A) (↑r / s + A) v →
                        Nat.factorialConvolution PrimeFactorOscillations.primeProfileRealCoefficient (r - 1) v /
                              Nat.factorialConvolution PrimeFactorOscillations.primeProfileRealCoefficient r v =
                            s →
                          v = u
'PrimeFactorOscillations.exists_primeProfile_reference_local_crossing' depends on axioms: [propext,
 Classical.choice,
 Quot.sound]
PrimeFactorOscillations.publicReferenceCrossing (s : ℝ) (hs : 0 < s) :
  ∃ A r0,
    0 < A ∧
      0 < r0 ∧
        ∀ (r : ℕ),
          r0 ≤ r →
            ∃! u,
              Set.Icc (↑r / s - A) (↑r / s + A) u ∧
                Nat.factorialConvolution PrimeFactorOscillations.primeProfileRealCoefficient (r - 1) u /
                    Nat.factorialConvolution PrimeFactorOscillations.primeProfileRealCoefficient r u =
                  s
'PrimeFactorOscillations.publicReferenceCrossing' depends on axioms: [propext, Classical.choice, Quot.sound]
PrimeFactorOscillations.exists_ordinary_ascent_theta_envelope_of_RH (hRH : RiemannHypothesis) :
  ∃ A K,
    0 < A ∧
      2 ≤ K ∧
        ∀ (k : ℕ),
          K ≤ k →
            ∃ u,
              Set.Ioo (↑(k - 1) / 3 - A) (↑(k - 1) / 3 + A) u ∧
                Nat.factorialConvolution PrimeFactorOscillations.primeProfileRealCoefficient (k - 2) u /
                      Nat.factorialConvolution PrimeFactorOscillations.primeProfileRealCoefficient (k - 1) u =
                    3 ∧
                  ∀ (i : ℕ),
                    PrimeFactorOscillations.ordinaryDensity k i < PrimeFactorOscillations.ordinaryDensity k (i + 1) →
                      Chebyshev.theta ↑(PrimeFactorUnimodality.primeAt i - 1) <
                        Real.exp (Real.exp (u - Real.eulerMascheroniConstant))
'PrimeFactorOscillations.exists_ordinary_ascent_theta_envelope_of_RH' depends on axioms: [propext,
 Classical.choice,
 Quot.sound]
PrimeFactorOscillations.publicRHAllAscentEnvelope (hRH : RiemannHypothesis) :
  ∃ A K,
    0 < A ∧
      2 ≤ K ∧
        ∀ (k : ℕ),
          K ≤ k →
            ∃ u,
              Set.Ioo (↑(k - 1) / 3 - A) (↑(k - 1) / 3 + A) u ∧
                Nat.factorialConvolution PrimeFactorOscillations.primeProfileRealCoefficient (k - 2) u /
                      Nat.factorialConvolution PrimeFactorOscillations.primeProfileRealCoefficient (k - 1) u =
                    3 ∧
                  ∀ (i : ℕ),
                    PrimeFactorOscillations.ordinaryDensity k i < PrimeFactorOscillations.ordinaryDensity k (i + 1) →
                      Chebyshev.theta ↑(PrimeFactorUnimodality.primeAt i - 1) <
                        Real.exp (Real.exp (u - Real.eulerMascheroniConstant))
'PrimeFactorOscillations.publicRHAllAscentEnvelope' depends on axioms: [propext, Classical.choice, Quot.sound]
PrimeFactorOscillations.finite_primeThetaEndpoints (T : ℝ) : (PrimeFactorOscillations.primeThetaEndpoints T).Finite
'PrimeFactorOscillations.finite_primeThetaEndpoints' depends on axioms: [propext, Classical.choice, Quot.sound]
PrimeFactorOscillations.reversal_count_le_prime_endpoint_card.{u_1} {R : Type u_1} [Preorder R] (f : ℕ → R) (m : ℕ)
  (S : Set ℕ) (hS : S.Finite) (hcover : ∀ (i : ℕ), f i < f (i + 1) → S (PrimeFactorUnimodality.primeAt i))
  (hm : PrimeFactorOscillations.HasAtLeastReversals f m) : m ≤ Nat.card ↑S
'PrimeFactorOscillations.reversal_count_le_prime_endpoint_card' depends on axioms: [propext,
 Classical.choice,
 Quot.sound]
PrimeFactorOscillations.reversal_count_le_primeThetaEndpointCount.{u_1} {R : Type u_1} [Preorder R] (f : ℕ → R) (m : ℕ)
  (T : ℝ) (hcover : ∀ (i : ℕ), f i < f (i + 1) → Chebyshev.theta ↑(PrimeFactorUnimodality.primeAt i - 1) < T)
  (hm : PrimeFactorOscillations.HasAtLeastReversals f m) : m ≤ PrimeFactorOscillations.primeThetaEndpointCount T
'PrimeFactorOscillations.reversal_count_le_primeThetaEndpointCount' depends on axioms: [propext,
 Classical.choice,
 Quot.sound]
PrimeFactorOscillations.exists_last_ascent_of_nonincreasing_tail.{u_1} {R : Type u_1} [Preorder R] (f : ℕ → R) (T m : ℕ)
  (hmpos : 0 < m) (htail : ∀ (i : ℕ), T ≤ i → f (i + 1) ≤ f i) (hm : PrimeFactorOscillations.HasAtLeastReversals f m) :
  ∃ i, f i < f (i + 1) ∧ ∀ (j : ℕ), f j < f (j + 1) → j ≤ i
'PrimeFactorOscillations.exists_last_ascent_of_nonincreasing_tail' depends on axioms: [propext,
 Classical.choice,
 Quot.sound]
PrimeFactorOscillations.reversal_count_le_primeCounting_of_ascent_bound.{u_1} {R : Type u_1} [Preorder R] (f : ℕ → R)
  (i m : ℕ) (hbound : ∀ (j : ℕ), f j < f (j + 1) → j ≤ i) (hm : PrimeFactorOscillations.HasAtLeastReversals f m) :
  m ≤ (PrimeFactorUnimodality.primeAt i).primeCounting
'PrimeFactorOscillations.reversal_count_le_primeCounting_of_ascent_bound' depends on axioms: [propext,
 Classical.choice,
 Quot.sound]
PrimeFactorOscillations.primeCounting_le_primeThetaEndpointCount (P : ℕ) (T : ℝ) (hP : Chebyshev.theta ↑(P - 1) < T) :
  P.primeCounting ≤ PrimeFactorOscillations.primeThetaEndpointCount T
'PrimeFactorOscillations.primeCounting_le_primeThetaEndpointCount' depends on axioms: [propext,
 Classical.choice,
 Quot.sound]
PrimeFactorOscillations.ordinary_eventually_last_ascent_with_reversal_number :
  ∃ c K,
    0 < c ∧
      2 ≤ K ∧
        ∀ (k : ℕ),
          K ≤ k →
            ∃ N i,
              PrimeFactorOscillations.HasReversalNumber (PrimeFactorOscillations.ordinaryDensity k) N ∧
                Real.exp (Real.exp (c * ↑k)) ≤ ↑N ∧
                  PrimeFactorOscillations.ordinaryDensity k i < PrimeFactorOscillations.ordinaryDensity k (i + 1) ∧
                    (∀ (j : ℕ),
                        PrimeFactorOscillations.ordinaryDensity k j <
                            PrimeFactorOscillations.ordinaryDensity k (j + 1) →
                          j ≤ i) ∧
                      N ≤ (PrimeFactorUnimodality.primeAt i).primeCounting
'PrimeFactorOscillations.ordinary_eventually_last_ascent_with_reversal_number' depends on axioms: [propext,
 Classical.choice,
 Quot.sound]
PrimeFactorOscillations.exists_ordinary_last_ascent_and_capacity_of_RH (hRH : RiemannHypothesis) :
  ∃ c A K,
    0 < c ∧
      0 < A ∧
        2 ≤ K ∧
          ∀ (k : ℕ),
            K ≤ k →
              ∃ N i u,
                PrimeFactorOscillations.HasReversalNumber (PrimeFactorOscillations.ordinaryDensity k) N ∧
                  Real.exp (Real.exp (c * ↑k)) ≤ ↑N ∧
                    PrimeFactorOscillations.ordinaryDensity k i < PrimeFactorOscillations.ordinaryDensity k (i + 1) ∧
                      (∀ (j : ℕ),
                          PrimeFactorOscillations.ordinaryDensity k j <
                              PrimeFactorOscillations.ordinaryDensity k (j + 1) →
                            j ≤ i) ∧
                        Set.Ioo (↑(k - 1) / 3 - A) (↑(k - 1) / 3 + A) u ∧
                          Nat.factorialConvolution PrimeFactorOscillations.primeProfileRealCoefficient (k - 2) u /
                                Nat.factorialConvolution PrimeFactorOscillations.primeProfileRealCoefficient (k - 1) u =
                              3 ∧
                            Chebyshev.theta ↑(PrimeFactorUnimodality.primeAt i - 1) <
                                Real.exp (Real.exp (u - Real.eulerMascheroniConstant)) ∧
                              N ≤ (PrimeFactorUnimodality.primeAt i).primeCounting ∧
                                (PrimeFactorUnimodality.primeAt i).primeCounting ≤
                                  PrimeFactorOscillations.primeThetaEndpointCount
                                    (Real.exp (Real.exp (u - Real.eulerMascheroniConstant)))
'PrimeFactorOscillations.exists_ordinary_last_ascent_and_capacity_of_RH' depends on axioms: [propext,
 Classical.choice,
 Quot.sound]
PrimeFactorOscillations.publicRHLastAscentAndCapacity (hRH : RiemannHypothesis) :
  ∃ c A K,
    0 < c ∧
      0 < A ∧
        2 ≤ K ∧
          ∀ (k : ℕ),
            K ≤ k →
              ∃ N i u,
                PrimeFactorOscillations.HasReversalNumber (PrimeFactorOscillations.ordinaryDensity k) N ∧
                  Real.exp (Real.exp (c * ↑k)) ≤ ↑N ∧
                    PrimeFactorOscillations.ordinaryDensity k i < PrimeFactorOscillations.ordinaryDensity k (i + 1) ∧
                      (∀ (j : ℕ),
                          PrimeFactorOscillations.ordinaryDensity k j <
                              PrimeFactorOscillations.ordinaryDensity k (j + 1) →
                            j ≤ i) ∧
                        Set.Ioo (↑(k - 1) / 3 - A) (↑(k - 1) / 3 + A) u ∧
                          Nat.factorialConvolution PrimeFactorOscillations.primeProfileRealCoefficient (k - 2) u /
                                Nat.factorialConvolution PrimeFactorOscillations.primeProfileRealCoefficient (k - 1) u =
                              3 ∧
                            Chebyshev.theta ↑(PrimeFactorUnimodality.primeAt i - 1) <
                                Real.exp (Real.exp (u - Real.eulerMascheroniConstant)) ∧
                              N ≤ (PrimeFactorUnimodality.primeAt i).primeCounting ∧
                                (PrimeFactorUnimodality.primeAt i).primeCounting ≤
                                  PrimeFactorOscillations.primeThetaEndpointCount
                                    (Real.exp (Real.exp (u - Real.eulerMascheroniConstant)))
'PrimeFactorOscillations.publicRHLastAscentAndCapacity' depends on axioms: [propext, Classical.choice, Quot.sound]
PrimeFactorOscillations.primeCounting_isEquivalent_div_log :
  Asymptotics.IsEquivalent Filter.atTop (fun x => ↑⌊x⌋₊.primeCounting) fun x => x / Real.log x
'PrimeFactorOscillations.primeCounting_isEquivalent_div_log' depends on axioms: [propext, Classical.choice, Quot.sound]
PrimeFactorOscillations.tendsto_primeCounting_div_mainTerm :
  Filter.Tendsto (fun P => ↑P.primeCounting / (↑P / Real.log ↑P)) Filter.atTop (nhds 1)
'PrimeFactorOscillations.tendsto_primeCounting_div_mainTerm' depends on axioms: [propext, Classical.choice, Quot.sound]
PrimeFactorOscillations.tendsto_thetaPrefix_div_endpoint :
  Filter.Tendsto (fun P => Chebyshev.theta ↑(P - 1) / ↑P) Filter.atTop (nhds 1)
'PrimeFactorOscillations.tendsto_thetaPrefix_div_endpoint' depends on axioms: [propext, Classical.choice, Quot.sound]
PrimeFactorOscillations.eventually_thetaPrefix_and_primeCounting_bounds (delta : ℝ) (hd : 0 < delta) :
  ∀ᶠ (P : ℕ) in Filter.atTop,
    2 ≤ P ∧ (1 - delta) * ↑P ≤ Chebyshev.theta ↑(P - 1) ∧ ↑P.primeCounting ≤ (1 + delta) * ↑P / Real.log ↑P
'PrimeFactorOscillations.eventually_thetaPrefix_and_primeCounting_bounds' depends on axioms: [propext,
 Classical.choice,
 Quot.sound]
PrimeFactorOscillations.eventually_count_log_count_le_thetaPrefix (epsilon : ℝ) (he : 0 < epsilon) :
  ∃ N0,
    2 ≤ N0 ∧
      ∀ (N : ℕ), N0 ≤ N → ∀ (P : ℕ), N ≤ P.primeCounting → (1 - epsilon) * ↑N * Real.log ↑N ≤ Chebyshev.theta ↑(P - 1)
'PrimeFactorOscillations.eventually_count_log_count_le_thetaPrefix' depends on axioms: [propext,
 Classical.choice,
 Quot.sound]
PrimeFactorOscillations.ordinary_eventually_last_ascent_lower_location :
  ∃ c,
    0 < c ∧
      ∀ (epsilon : ℝ),
        0 < epsilon →
          ∃ K,
            2 ≤ K ∧
              ∀ (k : ℕ),
                K ≤ k →
                  ∃ N i,
                    PrimeFactorOscillations.HasReversalNumber (PrimeFactorOscillations.ordinaryDensity k) N ∧
                      Real.exp (Real.exp (c * ↑k)) ≤ ↑N ∧
                        PrimeFactorOscillations.ordinaryDensity k i <
                            PrimeFactorOscillations.ordinaryDensity k (i + 1) ∧
                          (∀ (j : ℕ),
                              PrimeFactorOscillations.ordinaryDensity k j <
                                  PrimeFactorOscillations.ordinaryDensity k (j + 1) →
                                j ≤ i) ∧
                            N ≤ (PrimeFactorUnimodality.primeAt i).primeCounting ∧
                              (1 - epsilon) * ↑N * Real.log ↑N ≤ Chebyshev.theta ↑(PrimeFactorUnimodality.primeAt i - 1)
'PrimeFactorOscillations.ordinary_eventually_last_ascent_lower_location' depends on axioms: [propext,
 Classical.choice,
 Quot.sound]
PrimeFactorOscillations.exists_ordinary_last_ascent_location_sandwich_of_RH (hRH : RiemannHypothesis) :
  ∃ c A,
    0 < c ∧
      0 < A ∧
        ∀ (epsilon : ℝ),
          0 < epsilon →
            ∃ K,
              2 ≤ K ∧
                ∀ (k : ℕ),
                  K ≤ k →
                    ∃ N i u,
                      PrimeFactorOscillations.HasReversalNumber (PrimeFactorOscillations.ordinaryDensity k) N ∧
                        Real.exp (Real.exp (c * ↑k)) ≤ ↑N ∧
                          PrimeFactorOscillations.ordinaryDensity k i <
                              PrimeFactorOscillations.ordinaryDensity k (i + 1) ∧
                            (∀ (j : ℕ),
                                PrimeFactorOscillations.ordinaryDensity k j <
                                    PrimeFactorOscillations.ordinaryDensity k (j + 1) →
                                  j ≤ i) ∧
                              Set.Ioo (↑(k - 1) / 3 - A) (↑(k - 1) / 3 + A) u ∧
                                Nat.factorialConvolution PrimeFactorOscillations.primeProfileRealCoefficient (k - 2) u /
                                      Nat.factorialConvolution PrimeFactorOscillations.primeProfileRealCoefficient
                                        (k - 1) u =
                                    3 ∧
                                  (1 - epsilon) * ↑N * Real.log ↑N ≤
                                      Chebyshev.theta ↑(PrimeFactorUnimodality.primeAt i - 1) ∧
                                    Chebyshev.theta ↑(PrimeFactorUnimodality.primeAt i - 1) <
                                        Real.exp (Real.exp (u - Real.eulerMascheroniConstant)) ∧
                                      N ≤ (PrimeFactorUnimodality.primeAt i).primeCounting ∧
                                        (PrimeFactorUnimodality.primeAt i).primeCounting ≤
                                          PrimeFactorOscillations.primeThetaEndpointCount
                                            (Real.exp (Real.exp (u - Real.eulerMascheroniConstant)))
'PrimeFactorOscillations.exists_ordinary_last_ascent_location_sandwich_of_RH' depends on axioms: [propext,
 Classical.choice,
 Quot.sound]
PrimeFactorOscillations.publicLastAscentLowerLocation :
  ∃ c,
    0 < c ∧
      ∀ (epsilon : ℝ),
        0 < epsilon →
          ∃ K,
            2 ≤ K ∧
              ∀ (k : ℕ),
                K ≤ k →
                  ∃ N i,
                    PrimeFactorOscillations.HasReversalNumber (PrimeFactorOscillations.ordinaryDensity k) N ∧
                      Real.exp (Real.exp (c * ↑k)) ≤ ↑N ∧
                        PrimeFactorOscillations.ordinaryDensity k i <
                            PrimeFactorOscillations.ordinaryDensity k (i + 1) ∧
                          (∀ (j : ℕ),
                              PrimeFactorOscillations.ordinaryDensity k j <
                                  PrimeFactorOscillations.ordinaryDensity k (j + 1) →
                                j ≤ i) ∧
                            N ≤ (PrimeFactorUnimodality.primeAt i).primeCounting ∧
                              (1 - epsilon) * ↑N * Real.log ↑N ≤ Chebyshev.theta ↑(PrimeFactorUnimodality.primeAt i - 1)
'PrimeFactorOscillations.publicLastAscentLowerLocation' depends on axioms: [propext, Classical.choice, Quot.sound]
PrimeFactorOscillations.publicRHLastAscentLocationSandwich (hRH : RiemannHypothesis) :
  ∃ c A,
    0 < c ∧
      0 < A ∧
        ∀ (epsilon : ℝ),
          0 < epsilon →
            ∃ K,
              2 ≤ K ∧
                ∀ (k : ℕ),
                  K ≤ k →
                    ∃ N i u,
                      PrimeFactorOscillations.HasReversalNumber (PrimeFactorOscillations.ordinaryDensity k) N ∧
                        Real.exp (Real.exp (c * ↑k)) ≤ ↑N ∧
                          PrimeFactorOscillations.ordinaryDensity k i <
                              PrimeFactorOscillations.ordinaryDensity k (i + 1) ∧
                            (∀ (j : ℕ),
                                PrimeFactorOscillations.ordinaryDensity k j <
                                    PrimeFactorOscillations.ordinaryDensity k (j + 1) →
                                  j ≤ i) ∧
                              Set.Ioo (↑(k - 1) / 3 - A) (↑(k - 1) / 3 + A) u ∧
                                Nat.factorialConvolution PrimeFactorOscillations.primeProfileRealCoefficient (k - 2) u /
                                      Nat.factorialConvolution PrimeFactorOscillations.primeProfileRealCoefficient
                                        (k - 1) u =
                                    3 ∧
                                  (1 - epsilon) * ↑N * Real.log ↑N ≤
                                      Chebyshev.theta ↑(PrimeFactorUnimodality.primeAt i - 1) ∧
                                    Chebyshev.theta ↑(PrimeFactorUnimodality.primeAt i - 1) <
                                        Real.exp (Real.exp (u - Real.eulerMascheroniConstant)) ∧
                                      N ≤ (PrimeFactorUnimodality.primeAt i).primeCounting ∧
                                        (PrimeFactorUnimodality.primeAt i).primeCounting ≤
                                          PrimeFactorOscillations.primeThetaEndpointCount
                                            (Real.exp (Real.exp (u - Real.eulerMascheroniConstant)))
'PrimeFactorOscillations.publicRHLastAscentLocationSandwich' depends on axioms: [propext, Classical.choice, Quot.sound]
PrimeFactorOscillations.tendsto_primeCounting_scaled_mainTerm (a : ℝ) (ha : 0 < a) :
  Filter.Tendsto (fun T => ↑⌊a * T⌋₊.primeCounting / (T / Real.log T)) Filter.atTop (nhds a)
'PrimeFactorOscillations.tendsto_primeCounting_scaled_mainTerm' depends on axioms: [propext,
 Classical.choice,
 Quot.sound]
PrimeFactorOscillations.eventually_primeThetaEndpointCount_sandwich (delta : ℝ) (hd : 0 < delta) (hd1 : delta < 1) :
  ∀ᶠ (T : ℝ) in Filter.atTop,
    ⌊T / (1 + 2 * delta)⌋₊.primeCounting ≤ PrimeFactorOscillations.primeThetaEndpointCount T ∧
      PrimeFactorOscillations.primeThetaEndpointCount T ≤ ⌊T / (1 - delta)⌋₊.primeCounting
'PrimeFactorOscillations.eventually_primeThetaEndpointCount_sandwich' depends on axioms: [propext,
 Classical.choice,
 Quot.sound]
PrimeFactorOscillations.tendsto_primeThetaEndpointCount_div_mainTerm :
  Filter.Tendsto (fun T => ↑(PrimeFactorOscillations.primeThetaEndpointCount T) / (T / Real.log T)) Filter.atTop
    (nhds 1)
'PrimeFactorOscillations.tendsto_primeThetaEndpointCount_div_mainTerm' depends on axioms: [propext,
 Classical.choice,
 Quot.sound]
PrimeFactorOscillations.exists_ordinary_last_ascent_asymptotic_capacity_of_RH (hRH : RiemannHypothesis) :
  ∃ c A,
    0 < c ∧
      0 < A ∧
        ∀ (epsilon : ℝ),
          0 < epsilon →
            ∃ K,
              2 ≤ K ∧
                ∀ (k : ℕ),
                  K ≤ k →
                    ∃ N i u,
                      PrimeFactorOscillations.HasReversalNumber (PrimeFactorOscillations.ordinaryDensity k) N ∧
                        Real.exp (Real.exp (c * ↑k)) ≤ ↑N ∧
                          PrimeFactorOscillations.ordinaryDensity k i <
                              PrimeFactorOscillations.ordinaryDensity k (i + 1) ∧
                            (∀ (j : ℕ),
                                PrimeFactorOscillations.ordinaryDensity k j <
                                    PrimeFactorOscillations.ordinaryDensity k (j + 1) →
                                  j ≤ i) ∧
                              Set.Ioo (↑(k - 1) / 3 - A) (↑(k - 1) / 3 + A) u ∧
                                Nat.factorialConvolution PrimeFactorOscillations.primeProfileRealCoefficient (k - 2) u /
                                      Nat.factorialConvolution PrimeFactorOscillations.primeProfileRealCoefficient
                                        (k - 1) u =
                                    3 ∧
                                  (1 - epsilon) * ↑N * Real.log ↑N ≤
                                      Chebyshev.theta ↑(PrimeFactorUnimodality.primeAt i - 1) ∧
                                    Chebyshev.theta ↑(PrimeFactorUnimodality.primeAt i - 1) <
                                        Real.exp (Real.exp (u - Real.eulerMascheroniConstant)) ∧
                                      N ≤ (PrimeFactorUnimodality.primeAt i).primeCounting ∧
                                        (PrimeFactorUnimodality.primeAt i).primeCounting ≤
                                            PrimeFactorOscillations.primeThetaEndpointCount
                                              (Real.exp (Real.exp (u - Real.eulerMascheroniConstant))) ∧
                                          ↑N ≤
                                            (1 + epsilon) *
                                              (Real.exp (Real.exp (u - Real.eulerMascheroniConstant)) /
                                                Real.log (Real.exp (Real.exp (u - Real.eulerMascheroniConstant))))
'PrimeFactorOscillations.exists_ordinary_last_ascent_asymptotic_capacity_of_RH' depends on axioms: [propext,
 Classical.choice,
 Quot.sound]
PrimeFactorOscillations.publicRHLastAscentAsymptoticCapacity (hRH : RiemannHypothesis) :
  ∃ c A,
    0 < c ∧
      0 < A ∧
        ∀ (epsilon : ℝ),
          0 < epsilon →
            ∃ K,
              2 ≤ K ∧
                ∀ (k : ℕ),
                  K ≤ k →
                    ∃ N i u,
                      PrimeFactorOscillations.HasReversalNumber (PrimeFactorOscillations.ordinaryDensity k) N ∧
                        Real.exp (Real.exp (c * ↑k)) ≤ ↑N ∧
                          PrimeFactorOscillations.ordinaryDensity k i <
                              PrimeFactorOscillations.ordinaryDensity k (i + 1) ∧
                            (∀ (j : ℕ),
                                PrimeFactorOscillations.ordinaryDensity k j <
                                    PrimeFactorOscillations.ordinaryDensity k (j + 1) →
                                  j ≤ i) ∧
                              Set.Ioo (↑(k - 1) / 3 - A) (↑(k - 1) / 3 + A) u ∧
                                Nat.factorialConvolution PrimeFactorOscillations.primeProfileRealCoefficient (k - 2) u /
                                      Nat.factorialConvolution PrimeFactorOscillations.primeProfileRealCoefficient
                                        (k - 1) u =
                                    3 ∧
                                  (1 - epsilon) * ↑N * Real.log ↑N ≤
                                      Chebyshev.theta ↑(PrimeFactorUnimodality.primeAt i - 1) ∧
                                    Chebyshev.theta ↑(PrimeFactorUnimodality.primeAt i - 1) <
                                        Real.exp (Real.exp (u - Real.eulerMascheroniConstant)) ∧
                                      N ≤ (PrimeFactorUnimodality.primeAt i).primeCounting ∧
                                        (PrimeFactorUnimodality.primeAt i).primeCounting ≤
                                            PrimeFactorOscillations.primeThetaEndpointCount
                                              (Real.exp (Real.exp (u - Real.eulerMascheroniConstant))) ∧
                                          ↑N ≤
                                            (1 + epsilon) *
                                              (Real.exp (Real.exp (u - Real.eulerMascheroniConstant)) /
                                                Real.log (Real.exp (Real.exp (u - Real.eulerMascheroniConstant))))
'PrimeFactorOscillations.publicRHLastAscentAsymptoticCapacity' depends on axioms: [propext,
 Classical.choice,
 Quot.sound]
Nat.descFactorial_coefficient_value_error (r : ℕ) (hr : 0 < r) (a : ℕ → ℝ) (h0 : Summable a)
  (h2 : Summable fun j => ↑j ^ 2 * |a j|) :
  |∑ j ∈ Finset.range (r + 1), a j * (↑(r.descFactorial j) / ↑r ^ j) - tsum a| ≤ (∑' (j : ℕ), ↑j ^ 2 * |a j|) / (2 * ↑r)
'Nat.descFactorial_coefficient_value_error' depends on axioms: [propext, Classical.choice, Quot.sound]
PrimeFactorOscillations.exists_primeProfile_normalized_value_deriv_errors (b : ℝ) (hb : 0 ≤ b) :
  ∃ C D,
    0 ≤ C ∧
      0 ≤ D ∧
        ∀ (r : ℕ),
          0 < r →
            ∀ (t : ℝ),
              0 ≤ t →
                t ≤ b →
                  |Nat.normalizedDescFactorialPolynomial PrimeFactorOscillations.primeProfileRealCoefficient r t -
                          (PrimeFactorOscillations.primeProfile ↑t).re| ≤
                      C / ↑r ∧
                    |deriv (Nat.normalizedDescFactorialPolynomial PrimeFactorOscillations.primeProfileRealCoefficient r)
                            t -
                          deriv (fun x => (PrimeFactorOscillations.primeProfile ↑x).re) t| ≤
                      D / ↑r
'PrimeFactorOscillations.exists_primeProfile_normalized_value_deriv_errors' depends on axioms: [propext,
 Classical.choice,
 Quot.sound]
PrimeFactorOscillations.exists_primeProfile_normalized_secondOrder_error (b : ℝ) (hb : 0 ≤ b) :
  ∃ C,
    0 ≤ C ∧
      ∀ (r : ℕ),
        0 < r →
          ∀ (t : ℝ),
            0 ≤ t →
              t ≤ b →
                |Nat.normalizedDescFactorialPolynomial PrimeFactorOscillations.primeProfileRealCoefficient r t -
                        (PrimeFactorOscillations.primeProfile ↑t).re +
                      t ^ 2 * deriv (deriv fun x => (PrimeFactorOscillations.primeProfile ↑x).re) t / (2 * ↑r)| ≤
                  C / ↑r ^ 2
'PrimeFactorOscillations.exists_primeProfile_normalized_secondOrder_error' depends on axioms: [propext,
 Classical.choice,
 Quot.sound]
PrimeFactorOscillations.publicPrimeProfileSecondOrderExpansion (b : ℝ) (hb : 0 ≤ b) :
  ∃ C,
    0 ≤ C ∧
      ∀ (r : ℕ),
        0 < r →
          ∀ (t : ℝ),
            0 ≤ t →
              t ≤ b →
                |Nat.normalizedDescFactorialPolynomial PrimeFactorOscillations.primeProfileRealCoefficient r t -
                        (PrimeFactorOscillations.primeProfile ↑t).re +
                      t ^ 2 * deriv (deriv fun x => (PrimeFactorOscillations.primeProfile ↑x).re) t / (2 * ↑r)| ≤
                  C / ↑r ^ 2
'PrimeFactorOscillations.publicPrimeProfileSecondOrderExpansion' depends on axioms: [propext,
 Classical.choice,
 Quot.sound]
PrimeFactorOscillations.exists_primeProfile_reference_root_shift_bound (s A : ℝ) (hs : 0 < s) (hA : 0 ≤ A) :
  ∃ C r0,
    0 ≤ C ∧
      0 < r0 ∧
        ∀ (r : ℕ),
          r0 ≤ r →
            ∀ (u : ℝ),
              0 < u →
                ↑r / u ≤ 2 * s →
                  |↑r / s - u| ≤ A →
                    Nat.factorialConvolution PrimeFactorOscillations.primeProfileRealCoefficient (r - 1) u /
                          Nat.factorialConvolution PrimeFactorOscillations.primeProfileRealCoefficient r u =
                        s →
                      |u - ↑r / s +
                            deriv (fun x => (PrimeFactorOscillations.primeProfile ↑x).re) s /
                              (PrimeFactorOscillations.primeProfile ↑s).re| ≤
                        C / ↑r
'PrimeFactorOscillations.exists_primeProfile_reference_root_shift_bound' depends on axioms: [propext,
 Classical.choice,
 Quot.sound]
PrimeFactorOscillations.exists_primeProfile_reference_sharp_crossing (s : ℝ) (hs : 0 < s) :
  ∃ A C r0,
    0 < A ∧
      0 ≤ C ∧
        0 < r0 ∧
          ∀ (r : ℕ),
            r0 ≤ r →
              ∃ u,
                Set.Ioo (↑r / s - A) (↑r / s + A) u ∧
                  Nat.factorialConvolution PrimeFactorOscillations.primeProfileRealCoefficient (r - 1) u /
                        Nat.factorialConvolution PrimeFactorOscillations.primeProfileRealCoefficient r u =
                      s ∧
                    |u - ↑r / s +
                            deriv (fun x => (PrimeFactorOscillations.primeProfile ↑x).re) s /
                              (PrimeFactorOscillations.primeProfile ↑s).re| ≤
                        C / ↑r ∧
                      ∀ (v : ℝ),
                        Set.Icc (↑r / s - A) (↑r / s + A) v →
                          Nat.factorialConvolution PrimeFactorOscillations.primeProfileRealCoefficient (r - 1) v /
                                Nat.factorialConvolution PrimeFactorOscillations.primeProfileRealCoefficient r v =
                              s →
                            v = u
'PrimeFactorOscillations.exists_primeProfile_reference_sharp_crossing' depends on axioms: [propext,
 Classical.choice,
 Quot.sound]
PrimeFactorOscillations.exists_ordinary_last_ascent_sharp_reference_of_RH (hRH : RiemannHypothesis) :
  ∃ c A C,
    0 < c ∧
      0 < A ∧
        0 ≤ C ∧
          ∀ (epsilon : ℝ),
            0 < epsilon →
              ∃ K,
                2 ≤ K ∧
                  ∀ (k : ℕ),
                    K ≤ k →
                      ∃ N i u,
                        PrimeFactorOscillations.HasReversalNumber (PrimeFactorOscillations.ordinaryDensity k) N ∧
                          Real.exp (Real.exp (c * ↑k)) ≤ ↑N ∧
                            PrimeFactorOscillations.ordinaryDensity k i <
                                PrimeFactorOscillations.ordinaryDensity k (i + 1) ∧
                              (∀ (j : ℕ),
                                  PrimeFactorOscillations.ordinaryDensity k j <
                                      PrimeFactorOscillations.ordinaryDensity k (j + 1) →
                                    j ≤ i) ∧
                                Set.Ioo (↑(k - 1) / 3 - A) (↑(k - 1) / 3 + A) u ∧
                                  Nat.factorialConvolution PrimeFactorOscillations.primeProfileRealCoefficient (k - 2)
                                          u /
                                        Nat.factorialConvolution PrimeFactorOscillations.primeProfileRealCoefficient
                                          (k - 1) u =
                                      3 ∧
                                    (1 - epsilon) * ↑N * Real.log ↑N ≤
                                        Chebyshev.theta ↑(PrimeFactorUnimodality.primeAt i - 1) ∧
                                      Chebyshev.theta ↑(PrimeFactorUnimodality.primeAt i - 1) <
                                          Real.exp (Real.exp (u - Real.eulerMascheroniConstant)) ∧
                                        N ≤ (PrimeFactorUnimodality.primeAt i).primeCounting ∧
                                          (PrimeFactorUnimodality.primeAt i).primeCounting ≤
                                              PrimeFactorOscillations.primeThetaEndpointCount
                                                (Real.exp (Real.exp (u - Real.eulerMascheroniConstant))) ∧
                                            ↑N ≤
                                                (1 + epsilon) *
                                                  (Real.exp (Real.exp (u - Real.eulerMascheroniConstant)) /
                                                    Real.log (Real.exp (Real.exp (u - Real.eulerMascheroniConstant)))) ∧
                                              |u - ↑(k - 1) / 3 +
                                                    deriv (fun x => (PrimeFactorOscillations.primeProfile ↑x).re) 3 /
                                                      (PrimeFactorOscillations.primeProfile 3).re| ≤
                                                C / ↑(k - 1)
'PrimeFactorOscillations.exists_ordinary_last_ascent_sharp_reference_of_RH' depends on axioms: [propext,
 Classical.choice,
 Quot.sound]
PrimeFactorOscillations.publicSharpReferenceCrossing (s : ℝ) (hs : 0 < s) :
  ∃ A C r0,
    0 < A ∧
      0 ≤ C ∧
        0 < r0 ∧
          ∀ (r : ℕ),
            r0 ≤ r →
              ∃ u,
                Set.Ioo (↑r / s - A) (↑r / s + A) u ∧
                  Nat.factorialConvolution PrimeFactorOscillations.primeProfileRealCoefficient (r - 1) u /
                        Nat.factorialConvolution PrimeFactorOscillations.primeProfileRealCoefficient r u =
                      s ∧
                    |u - ↑r / s +
                            deriv (fun x => (PrimeFactorOscillations.primeProfile ↑x).re) s /
                              (PrimeFactorOscillations.primeProfile ↑s).re| ≤
                        C / ↑r ∧
                      ∀ (v : ℝ),
                        Set.Icc (↑r / s - A) (↑r / s + A) v →
                          Nat.factorialConvolution PrimeFactorOscillations.primeProfileRealCoefficient (r - 1) v /
                                Nat.factorialConvolution PrimeFactorOscillations.primeProfileRealCoefficient r v =
                              s →
                            v = u
'PrimeFactorOscillations.publicSharpReferenceCrossing' depends on axioms: [propext, Classical.choice, Quot.sound]
PrimeFactorOscillations.publicRHLastAscentSharpReference (hRH : RiemannHypothesis) :
  ∃ c A C,
    0 < c ∧
      0 < A ∧
        0 ≤ C ∧
          ∀ (epsilon : ℝ),
            0 < epsilon →
              ∃ K,
                2 ≤ K ∧
                  ∀ (k : ℕ),
                    K ≤ k →
                      ∃ N i u,
                        PrimeFactorOscillations.HasReversalNumber (PrimeFactorOscillations.ordinaryDensity k) N ∧
                          Real.exp (Real.exp (c * ↑k)) ≤ ↑N ∧
                            PrimeFactorOscillations.ordinaryDensity k i <
                                PrimeFactorOscillations.ordinaryDensity k (i + 1) ∧
                              (∀ (j : ℕ),
                                  PrimeFactorOscillations.ordinaryDensity k j <
                                      PrimeFactorOscillations.ordinaryDensity k (j + 1) →
                                    j ≤ i) ∧
                                Set.Ioo (↑(k - 1) / 3 - A) (↑(k - 1) / 3 + A) u ∧
                                  Nat.factorialConvolution PrimeFactorOscillations.primeProfileRealCoefficient (k - 2)
                                          u /
                                        Nat.factorialConvolution PrimeFactorOscillations.primeProfileRealCoefficient
                                          (k - 1) u =
                                      3 ∧
                                    (1 - epsilon) * ↑N * Real.log ↑N ≤
                                        Chebyshev.theta ↑(PrimeFactorUnimodality.primeAt i - 1) ∧
                                      Chebyshev.theta ↑(PrimeFactorUnimodality.primeAt i - 1) <
                                          Real.exp (Real.exp (u - Real.eulerMascheroniConstant)) ∧
                                        N ≤ (PrimeFactorUnimodality.primeAt i).primeCounting ∧
                                          (PrimeFactorUnimodality.primeAt i).primeCounting ≤
                                              PrimeFactorOscillations.primeThetaEndpointCount
                                                (Real.exp (Real.exp (u - Real.eulerMascheroniConstant))) ∧
                                            ↑N ≤
                                                (1 + epsilon) *
                                                  (Real.exp (Real.exp (u - Real.eulerMascheroniConstant)) /
                                                    Real.log (Real.exp (Real.exp (u - Real.eulerMascheroniConstant)))) ∧
                                              |u - ↑(k - 1) / 3 +
                                                    deriv (fun x => (PrimeFactorOscillations.primeProfile ↑x).re) 3 /
                                                      (PrimeFactorOscillations.primeProfile 3).re| ≤
                                                C / ↑(k - 1)
'PrimeFactorOscillations.publicRHLastAscentSharpReference' depends on axioms: [propext, Classical.choice, Quot.sound]
Real.logLog_exp_exp_envelope (b v : ℝ) (hv : 16 ≤ v) (hlower : Real.exp (Real.exp v) / (2 * Real.exp v) ≤ b)
  (hupper : b ≤ Real.exp (Real.exp v)) : 1 < b ∧ |Real.log (Real.log b) - v| ≤ 4 * v / Real.exp v
'Real.logLog_exp_exp_envelope' depends on axioms: [propext, Classical.choice, Quot.sound]
PrimeFactorOscillations.eventually_primeThetaEndpointCount_loglog_error :
  ∀ᶠ (v : ℝ) in Filter.atTop,
    1 < ↑(PrimeFactorOscillations.primeThetaEndpointCount (Real.exp (Real.exp v))) ∧
      |Real.log (Real.log ↑(PrimeFactorOscillations.primeThetaEndpointCount (Real.exp (Real.exp v)))) - v| ≤
        4 * v / Real.exp v
'PrimeFactorOscillations.eventually_primeThetaEndpointCount_loglog_error' depends on axioms: [propext,
 Classical.choice,
 Quot.sound]
PrimeFactorOscillations.exists_primeThetaEndpointCount_loglog_rank_error :
  ∃ V0,
    16 ≤ V0 ∧
      ∀ (v : ℝ),
        V0 ≤ v →
          ∀ (a : ℝ),
            0 ≤ a →
              ∀ (r : ℕ),
                0 < r →
                  ↑r ≤ a * v →
                    1 < ↑(PrimeFactorOscillations.primeThetaEndpointCount (Real.exp (Real.exp v))) ∧
                      |Real.log (Real.log ↑(PrimeFactorOscillations.primeThetaEndpointCount (Real.exp (Real.exp v)))) -
                            v| ≤
                        16 * a / ↑r
'PrimeFactorOscillations.exists_primeThetaEndpointCount_loglog_rank_error' depends on axioms: [propext,
 Classical.choice,
 Quot.sound]
PrimeFactorOscillations.exists_primeThetaEndpointCount_near_rank_loglog_error (s A : ℝ) (hs : 0 < s) (_hA : 0 ≤ A) :
  ∃ r0,
    0 < r0 ∧
      ∀ (r : ℕ),
        r0 ≤ r →
          ∀ (u : ℝ),
            |u - ↑r / s| ≤ A →
              1 <
                  ↑(PrimeFactorOscillations.primeThetaEndpointCount
                      (Real.exp (Real.exp (u - Real.eulerMascheroniConstant)))) ∧
                |Real.log
                        (Real.log
                          ↑(PrimeFactorOscillations.primeThetaEndpointCount
                              (Real.exp (Real.exp (u - Real.eulerMascheroniConstant))))) -
                      (u - Real.eulerMascheroniConstant)| ≤
                  32 * s / ↑r
'PrimeFactorOscillations.exists_primeThetaEndpointCount_near_rank_loglog_error' depends on axioms: [propext,
 Classical.choice,
 Quot.sound]
PrimeFactorOscillations.exists_primeProfile_reference_loglog_capacity (s : ℝ) (hs : 0 < s) :
  ∃ A C r0,
    0 < A ∧
      0 ≤ C ∧
        0 < r0 ∧
          ∀ (r : ℕ),
            r0 ≤ r →
              ∃ u,
                Set.Ioo (↑r / s - A) (↑r / s + A) u ∧
                  Nat.factorialConvolution PrimeFactorOscillations.primeProfileRealCoefficient (r - 1) u /
                        Nat.factorialConvolution PrimeFactorOscillations.primeProfileRealCoefficient r u =
                      s ∧
                    |u - ↑r / s +
                            deriv (fun x => (PrimeFactorOscillations.primeProfile ↑x).re) s /
                              (PrimeFactorOscillations.primeProfile ↑s).re| ≤
                        C / ↑r ∧
                      1 <
                          ↑(PrimeFactorOscillations.primeThetaEndpointCount
                              (Real.exp (Real.exp (u - Real.eulerMascheroniConstant)))) ∧
                        |Real.log
                                  (Real.log
                                    ↑(PrimeFactorOscillations.primeThetaEndpointCount
                                        (Real.exp (Real.exp (u - Real.eulerMascheroniConstant))))) -
                                (↑r / s - Real.eulerMascheroniConstant -
                                  deriv (fun x => (PrimeFactorOscillations.primeProfile ↑x).re) s /
                                    (PrimeFactorOscillations.primeProfile ↑s).re)| ≤
                            (C + 32 * s) / ↑r ∧
                          ∀ (v : ℝ),
                            Set.Icc (↑r / s - A) (↑r / s + A) v →
                              Nat.factorialConvolution PrimeFactorOscillations.primeProfileRealCoefficient (r - 1) v /
                                    Nat.factorialConvolution PrimeFactorOscillations.primeProfileRealCoefficient r v =
                                  s →
                                v = u
'PrimeFactorOscillations.exists_primeProfile_reference_loglog_capacity' depends on axioms: [propext,
 Classical.choice,
 Quot.sound]
PrimeFactorOscillations.exists_ordinary_last_ascent_loglog_capacity_of_RH (hRH : RiemannHypothesis) :
  ∃ c A C,
    0 < c ∧
      0 < A ∧
        0 ≤ C ∧
          ∀ (epsilon : ℝ),
            0 < epsilon →
              ∃ K,
                2 ≤ K ∧
                  ∀ (k : ℕ),
                    K ≤ k →
                      ∃ N i u,
                        PrimeFactorOscillations.HasReversalNumber (PrimeFactorOscillations.ordinaryDensity k) N ∧
                          Real.exp (Real.exp (c * ↑k)) ≤ ↑N ∧
                            PrimeFactorOscillations.ordinaryDensity k i <
                                PrimeFactorOscillations.ordinaryDensity k (i + 1) ∧
                              (∀ (j : ℕ),
                                  PrimeFactorOscillations.ordinaryDensity k j <
                                      PrimeFactorOscillations.ordinaryDensity k (j + 1) →
                                    j ≤ i) ∧
                                Set.Ioo (↑(k - 1) / 3 - A) (↑(k - 1) / 3 + A) u ∧
                                  Nat.factorialConvolution PrimeFactorOscillations.primeProfileRealCoefficient (k - 2)
                                          u /
                                        Nat.factorialConvolution PrimeFactorOscillations.primeProfileRealCoefficient
                                          (k - 1) u =
                                      3 ∧
                                    (1 - epsilon) * ↑N * Real.log ↑N ≤
                                        Chebyshev.theta ↑(PrimeFactorUnimodality.primeAt i - 1) ∧
                                      Chebyshev.theta ↑(PrimeFactorUnimodality.primeAt i - 1) <
                                          Real.exp (Real.exp (u - Real.eulerMascheroniConstant)) ∧
                                        N ≤ (PrimeFactorUnimodality.primeAt i).primeCounting ∧
                                          (PrimeFactorUnimodality.primeAt i).primeCounting ≤
                                              PrimeFactorOscillations.primeThetaEndpointCount
                                                (Real.exp (Real.exp (u - Real.eulerMascheroniConstant))) ∧
                                            ↑N ≤
                                                (1 + epsilon) *
                                                  (Real.exp (Real.exp (u - Real.eulerMascheroniConstant)) /
                                                    Real.log (Real.exp (Real.exp (u - Real.eulerMascheroniConstant)))) ∧
                                              |u - ↑(k - 1) / 3 +
                                                      deriv (fun x => (PrimeFactorOscillations.primeProfile ↑x).re) 3 /
                                                        (PrimeFactorOscillations.primeProfile 3).re| ≤
                                                  C / ↑(k - 1) ∧
                                                |Real.log
                                                          (Real.log
                                                            ↑(PrimeFactorOscillations.primeThetaEndpointCount
                                                                (Real.exp
                                                                  (Real.exp (u - Real.eulerMascheroniConstant))))) -
                                                        (↑(k - 1) / 3 - Real.eulerMascheroniConstant -
                                                          deriv (fun x => (PrimeFactorOscillations.primeProfile ↑x).re)
                                                              3 /
                                                            (PrimeFactorOscillations.primeProfile 3).re)| ≤
                                                    (C + 96) / ↑(k - 1) ∧
                                                  Real.log (Real.log ↑N) ≤
                                                    ↑(k - 1) / 3 - Real.eulerMascheroniConstant -
                                                        deriv (fun x => (PrimeFactorOscillations.primeProfile ↑x).re)
                                                            3 /
                                                          (PrimeFactorOscillations.primeProfile 3).re +
                                                      (C + 96) / ↑(k - 1)
'PrimeFactorOscillations.exists_ordinary_last_ascent_loglog_capacity_of_RH' depends on axioms: [propext,
 Classical.choice,
 Quot.sound]
PrimeFactorOscillations.publicReferenceLogCapacity (s : ℝ) (hs : 0 < s) :
  ∃ A C r0,
    0 < A ∧
      0 ≤ C ∧
        0 < r0 ∧
          ∀ (r : ℕ),
            r0 ≤ r →
              ∃ u,
                Set.Ioo (↑r / s - A) (↑r / s + A) u ∧
                  Nat.factorialConvolution PrimeFactorOscillations.primeProfileRealCoefficient (r - 1) u /
                        Nat.factorialConvolution PrimeFactorOscillations.primeProfileRealCoefficient r u =
                      s ∧
                    |u - ↑r / s +
                            deriv (fun x => (PrimeFactorOscillations.primeProfile ↑x).re) s /
                              (PrimeFactorOscillations.primeProfile ↑s).re| ≤
                        C / ↑r ∧
                      1 <
                          ↑(PrimeFactorOscillations.primeThetaEndpointCount
                              (Real.exp (Real.exp (u - Real.eulerMascheroniConstant)))) ∧
                        |Real.log
                                  (Real.log
                                    ↑(PrimeFactorOscillations.primeThetaEndpointCount
                                        (Real.exp (Real.exp (u - Real.eulerMascheroniConstant))))) -
                                (↑r / s - Real.eulerMascheroniConstant -
                                  deriv (fun x => (PrimeFactorOscillations.primeProfile ↑x).re) s /
                                    (PrimeFactorOscillations.primeProfile ↑s).re)| ≤
                            (C + 32 * s) / ↑r ∧
                          ∀ (v : ℝ),
                            Set.Icc (↑r / s - A) (↑r / s + A) v →
                              Nat.factorialConvolution PrimeFactorOscillations.primeProfileRealCoefficient (r - 1) v /
                                    Nat.factorialConvolution PrimeFactorOscillations.primeProfileRealCoefficient r v =
                                  s →
                                v = u
'PrimeFactorOscillations.publicReferenceLogCapacity' depends on axioms: [propext, Classical.choice, Quot.sound]
PrimeFactorOscillations.publicRHReversalCountLogBound (hRH : RiemannHypothesis) :
  ∃ c D,
    0 < c ∧
      0 ≤ D ∧
        ∃ K,
          2 ≤ K ∧
            ∀ (k : ℕ),
              K ≤ k →
                ∃ N,
                  PrimeFactorOscillations.HasReversalNumber (PrimeFactorOscillations.ordinaryDensity k) N ∧
                    Real.exp (Real.exp (c * ↑k)) ≤ ↑N ∧
                      Real.log (Real.log ↑N) ≤
                        ↑(k - 1) / 3 - Real.eulerMascheroniConstant -
                            deriv (fun x => (PrimeFactorOscillations.primeProfile ↑x).re) 3 /
                              (PrimeFactorOscillations.primeProfile 3).re +
                          D / ↑(k - 1)
'PrimeFactorOscillations.publicRHReversalCountLogBound' depends on axioms: [propext, Classical.choice, Quot.sound]
PrimeFactorOscillations.ordinary_ascent_eventually_in_clock_window (a : ℝ) (ha : 0 < a) (Qreq : ℕ) :
  ∃ K,
    2 ≤ K ∧
      ∀ (k : ℕ),
        K ≤ k →
          ∀ (i : ℕ),
            Real.exp (Real.exp (a * ↑k)) ≤ ↑(PrimeFactorUnimodality.primeAt i) →
              PrimeFactorOscillations.ordinaryDensity k i < PrimeFactorOscillations.ordinaryDensity k (i + 1) →
                Qreq ≤ PrimeFactorUnimodality.primeAt i ∧
                  PrimeFactorUnimodality.primeAt i < ⌈Real.exp (Real.exp (↑k / 2))⌉₊ + 1 ∧
                    have L :=
                      Real.eulerMascheroniConstant +
                        Real.log (Real.log (Chebyshev.theta ↑(PrimeFactorUnimodality.primeAt i - 1)));
                    0 < L ∧ 1 ≤ ↑(k - 1) / L ∧ ↑(k - 1) / L ≤ max 1 (4 / a)
'PrimeFactorOscillations.ordinary_ascent_eventually_in_clock_window' depends on axioms: [propext,
 Classical.choice,
 Quot.sound]
PrimeFactorOscillations.mem_ordinaryReferenceEligiblePrimes (k : ℕ) (X : ℝ) (U p : ℕ) :
  p ∈ PrimeFactorOscillations.ordinaryReferenceEligiblePrimes k X U ↔
    p < U ∧
      Nat.Prime p ∧
        X ≤ ↑p ∧ ∃ i, PrimeFactorUnimodality.primeAt i = p ∧ PrimeFactorOscillations.ordinaryReferenceEligible k i
'PrimeFactorOscillations.mem_ordinaryReferenceEligiblePrimes' depends on axioms: [propext, Classical.choice, Quot.sound]
PrimeFactorOscillations.reversal_count_le_reference_eligible.{u_1} {R : Type u_1} [Preorder R] (f : ℕ → R) (k m : ℕ)
  (X : ℝ) (U : ℕ)
  (hlate :
    ∀ (i : ℕ),
      f i < f (i + 1) →
        X ≤ ↑(PrimeFactorUnimodality.primeAt i) →
          PrimeFactorUnimodality.primeAt i < U ∧ PrimeFactorOscillations.ordinaryReferenceEligible k i)
  (hm : PrimeFactorOscillations.HasAtLeastReversals f m) :
  m ≤ ⌊X⌋₊.primeCounting + PrimeFactorOscillations.ordinaryReferenceEligibleCount k X U
'PrimeFactorOscillations.reversal_count_le_reference_eligible' depends on axioms: [propext,
 Classical.choice,
 Quot.sound]
PrimeFactorOscillations.ordinary_reversal_count_reference_bound_of_RH (hRH : RiemannHypothesis) (a : ℝ) (ha : 0 < a) :
  ∃ K,
    2 ≤ K ∧
      ∀ (k : ℕ),
        K ≤ k →
          ∀ (m : ℕ),
            PrimeFactorOscillations.HasAtLeastReversals (PrimeFactorOscillations.ordinaryDensity k) m →
              m ≤
                ⌊Real.exp (Real.exp (a * ↑k))⌋₊.primeCounting +
                  PrimeFactorOscillations.ordinaryReferenceEligibleCount k (Real.exp (Real.exp (a * ↑k)))
                    (⌈Real.exp (Real.exp (↑k / 2))⌉₊ + 1)
'PrimeFactorOscillations.ordinary_reversal_count_reference_bound_of_RH' depends on axioms: [propext,
 Classical.choice,
 Quot.sound]
PrimeFactorOscillations.ordinary_reference_eligible_supply_of_RH (hRH : RiemannHypothesis) :
  ∃ c,
    0 < c ∧
      ∀ (a : ℝ),
        0 < a →
          a < c →
            ∃ K,
              2 ≤ K ∧
                ∀ (k : ℕ),
                  K ≤ k →
                    0 <
                        PrimeFactorOscillations.ordinaryReferenceEligibleCount k (Real.exp (Real.exp (a * ↑k)))
                          (⌈Real.exp (Real.exp (↑k / 2))⌉₊ + 1) ∧
                      Real.exp (Real.exp (c * ↑k)) - Real.exp (Real.exp (a * ↑k)) ≤
                        ↑(PrimeFactorOscillations.ordinaryReferenceEligibleCount k (Real.exp (Real.exp (a * ↑k)))
                            (⌈Real.exp (Real.exp (↑k / 2))⌉₊ + 1))
'PrimeFactorOscillations.ordinary_reference_eligible_supply_of_RH' depends on axioms: [propext,
 Classical.choice,
 Quot.sound]
PrimeFactorOscillations.publicRHGapFilteredCounts (hRH : RiemannHypothesis) :
  ∃ c,
    0 < c ∧
      ∀ (a : ℝ),
        0 < a →
          a < c →
            ∃ K,
              2 ≤ K ∧
                ∀ (k : ℕ),
                  K ≤ k →
                    0 <
                        PrimeFactorOscillations.ordinaryReferenceEligibleCount k (Real.exp (Real.exp (a * ↑k)))
                          (⌈Real.exp (Real.exp (↑k / 2))⌉₊ + 1) ∧
                      Real.exp (Real.exp (c * ↑k)) - Real.exp (Real.exp (a * ↑k)) ≤
                          ↑(PrimeFactorOscillations.ordinaryReferenceEligibleCount k (Real.exp (Real.exp (a * ↑k)))
                              (⌈Real.exp (Real.exp (↑k / 2))⌉₊ + 1)) ∧
                        ∀ (m : ℕ),
                          PrimeFactorOscillations.HasAtLeastReversals (PrimeFactorOscillations.ordinaryDensity k) m →
                            m ≤
                              ⌊Real.exp (Real.exp (a * ↑k))⌋₊.primeCounting +
                                PrimeFactorOscillations.ordinaryReferenceEligibleCount k (Real.exp (Real.exp (a * ↑k)))
                                  (⌈Real.exp (Real.exp (↑k / 2))⌉₊ + 1)
'PrimeFactorOscillations.publicRHGapFilteredCounts' depends on axioms: [propext, Classical.choice, Quot.sound]
PrimeFactorOscillations.norm_nicolasSpectralAtom_le {rho : ℂ} (hrho : ¬rho = 0) (hRe : rho.re = 1 / 2) {x : ℝ}
  (hx : 1 < x) : ‖PrimeFactorOscillations.nicolasSpectralAtom rho x‖ ≤ ‖rho‖⁻¹ ^ 2 * x ^ (-(1 / 2))
'PrimeFactorOscillations.norm_nicolasSpectralAtom_le' depends on axioms: [propext, Classical.choice, Quot.sound]
PrimeFactorOscillations.summable_nicolasSpectralAtom (hRH : RiemannHypothesis) {x : ℝ} (hx : 1 < x) :
  Summable fun p => PrimeFactorOscillations.nicolasSpectralAtom (riemannXiDivisorZeroValue p) x
'PrimeFactorOscillations.summable_nicolasSpectralAtom' depends on axioms: [propext, Classical.choice, Quot.sound]
PrimeFactorOscillations.norm_nicolasSpectralTail_le (hRH : RiemannHypothesis) {x : ℝ} (hx : 1 < x) :
  ‖PrimeFactorOscillations.nicolasSpectralTail x‖ ≤
    (Real.eulerMascheroniConstant + 2 - Real.log (4 * Real.pi)) * x ^ (-(1 / 2))
'PrimeFactorOscillations.norm_nicolasSpectralTail_le' depends on axioms: [propext, Classical.choice, Quot.sound]
PrimeFactorOscillations.nicolasSpectral_kernel_split {rho : ℂ} (hRe : rho.re = 1 / 2) {x : ℝ} (hx : 1 < x) :
  Robin1984.robinZeroKernel 1 rho x / rho =
    PrimeFactorOscillations.nicolasSpectralAtom rho x / ↑(Real.log x) + Robin1984.robinZeroKernelRemainder 1 rho x / rho
'PrimeFactorOscillations.nicolasSpectral_kernel_split' depends on axioms: [propext, Classical.choice, Quot.sound]
PrimeFactorOscillations.nicolasJ_spectral_explicit_error (hRH : RiemannHypothesis) {x : ℝ} (hx : 3 ≤ x) :
  ‖↑(Robin1984.nicolasJ x) + PrimeFactorOscillations.nicolasSpectralTail x / ↑(Real.log x)‖ ≤
    (Real.eulerMascheroniConstant + 2 - Real.log (4 * Real.pi)) *
        PrimeFactorOscillations.nicolasSpectralRemainderScale x +
      Real.log (2 * Real.pi) * x ^ (-1) * (Real.log x)⁻¹
'PrimeFactorOscillations.nicolasJ_spectral_explicit_error' depends on axioms: [propext, Classical.choice, Quot.sound]
PrimeFactorOscillations.abs_nicolasZeroWave_le (hRH : RiemannHypothesis) {x : ℝ} (hx : 1 < x) :
  |PrimeFactorOscillations.nicolasZeroWave x| ≤ Real.eulerMascheroniConstant + 2 - Real.log (4 * Real.pi)
'PrimeFactorOscillations.abs_nicolasZeroWave_le' depends on axioms: [propext, Classical.choice, Quot.sound]
PrimeFactorOscillations.nicolasJ_wave_explicit_error (hRH : RiemannHypothesis) {x : ℝ} (hx : 3 ≤ x) :
  |Robin1984.nicolasJ x + PrimeFactorOscillations.nicolasZeroWave x / (x ^ (1 / 2) * Real.log x)| ≤
    (Real.eulerMascheroniConstant + 2 - Real.log (4 * Real.pi)) *
        PrimeFactorOscillations.nicolasSpectralRemainderScale x +
      Real.log (2 * Real.pi) * x ^ (-1) * (Real.log x)⁻¹
'PrimeFactorOscillations.nicolasJ_wave_explicit_error' depends on axioms: [propext, Classical.choice, Quot.sound]
PrimeFactorOscillations.nicolasZeroWave_eq_spectral_sum (hRH : RiemannHypothesis) {x : ℝ} (hx : 1 < x) :
  PrimeFactorOscillations.nicolasZeroWave x =
    (∑' (p : RiemannXiDivisorZeroIndex),
        ↑x ^ (↑(riemannXiDivisorZeroValue p).im * Complex.I) /
          (riemannXiDivisorZeroValue p * (1 - riemannXiDivisorZeroValue p))).re
'PrimeFactorOscillations.nicolasZeroWave_eq_spectral_sum' depends on axioms: [propext, Classical.choice, Quot.sound]
PrimeFactorOscillations.nicolasJ_wave_uniform_error (hRH : RiemannHypothesis) {x : ℝ} (hx : 3 ≤ x)
  (hlog : 1 ≤ Real.log x) :
  |Robin1984.nicolasJ x + PrimeFactorOscillations.nicolasZeroWave x / (x ^ (1 / 2) * Real.log x)| ≤
    (5 * (Real.eulerMascheroniConstant + 2 - Real.log (4 * Real.pi)) + 2 * Real.log (2 * Real.pi)) * x ^ (-(1 / 2)) *
      (Real.log x ^ 2)⁻¹
'PrimeFactorOscillations.nicolasJ_wave_uniform_error' depends on axioms: [propext, Classical.choice, Quot.sound]
PrimeFactorOscillations.publicRHSpectralPsiExpansion (hRH : RiemannHypothesis) {x : ℝ} (hx : max 3 (Real.exp 1) ≤ x) :
  PrimeFactorOscillations.nicolasZeroWave x =
      (∑' (p : RiemannXiDivisorZeroIndex),
          ↑x ^ (↑(riemannXiDivisorZeroValue p).im * Complex.I) /
            (riemannXiDivisorZeroValue p * (1 - riemannXiDivisorZeroValue p))).re ∧
    |PrimeFactorOscillations.nicolasZeroWave x| ≤ Real.eulerMascheroniConstant + 2 - Real.log (4 * Real.pi) ∧
      |Robin1984.nicolasJ x + PrimeFactorOscillations.nicolasZeroWave x / (x ^ (1 / 2) * Real.log x)| ≤
        (5 * (Real.eulerMascheroniConstant + 2 - Real.log (4 * Real.pi)) + 2 * Real.log (2 * Real.pi)) *
            x ^ (-(1 / 2)) *
          (Real.log x ^ 2)⁻¹
'PrimeFactorOscillations.publicRHSpectralPsiExpansion' depends on axioms: [propext, Classical.choice, Quot.sound]
PrimeFactorOscillations.nicolasPsiRootTail_upper {k : ℕ} (hk : 2 ≤ k) {x : ℝ} (hx : 1 < x) :
  PrimeFactorOscillations.nicolasPsiRootTail k x ≤ (Real.log 4 + 4) * (Robin1984.robinZeroKernel 1 (↑↑k)⁻¹ x).re
'PrimeFactorOscillations.nicolasPsiRootTail_upper' depends on axioms: [propext, Classical.choice, Quot.sound]
PrimeFactorOscillations.nicolasPrimePowerTail_square_sandwich {x : ℝ} (hx : 3 ≤ x) :
  0 ≤ Robin1984.nicolasPrimePowerTail x - PrimeFactorOscillations.nicolasPsiRootTail 2 x ∧
    Robin1984.nicolasPrimePowerTail x - PrimeFactorOscillations.nicolasPsiRootTail 2 x ≤
      (Real.log 4 + 4) * ((Robin1984.robinZeroKernel 1 (1 / 3) x).re + (Robin1984.robinZeroKernel 1 (1 / 5) x).re)
'PrimeFactorOscillations.nicolasPrimePowerTail_square_sandwich' depends on axioms: [propext,
 Classical.choice,
 Quot.sound]
PrimeFactorOscillations.nicolasRealKernel_upper {r x : ℝ} (hr : r < 1) (hx : 1 < x) (hlog : 1 ≤ Real.log x) :
  (Robin1984.robinZeroKernel 1 (↑r) x).re ≤ 2 / (1 - r) * x ^ (r - 1) * (Real.log x)⁻¹
'PrimeFactorOscillations.nicolasRealKernel_upper' depends on axioms: [propext, Classical.choice, Quot.sound]
PrimeFactorOscillations.nicolasRealKernel_higher_root_bound {r x : ℝ} (hr : r < 1 / 2) (hx : 1 < x)
  (hlog : 1 ≤ Real.log x) :
  (Robin1984.robinZeroKernel 1 (↑r) x).re ≤ 2 / ((1 - r) * (1 / 2 - r)) * x ^ (-(1 / 2)) * (Real.log x ^ 2)⁻¹
'PrimeFactorOscillations.nicolasRealKernel_higher_root_bound' depends on axioms: [propext, Classical.choice, Quot.sound]
PrimeFactorOscillations.nicolasPrimePowerTail_higher_roots_bound {x : ℝ} (hx : 3 ≤ x) (hlog : 1 ≤ Real.log x) :
  0 ≤ Robin1984.nicolasPrimePowerTail x - PrimeFactorOscillations.nicolasPsiRootTail 2 x ∧
    Robin1984.nicolasPrimePowerTail x - PrimeFactorOscillations.nicolasPsiRootTail 2 x ≤
      (Real.log 4 + 4) * (79 / 3) * x ^ (-(1 / 2)) * (Real.log x ^ 2)⁻¹
'PrimeFactorOscillations.nicolasPrimePowerTail_higher_roots_bound' depends on axioms: [propext,
 Classical.choice,
 Quot.sound]
PrimeFactorOscillations.nicolasHalfKernel_explicit_error {x : ℝ} (hx : 1 < x) :
  |(Robin1984.robinZeroKernel 1 (1 / 2) x).re - 2 * x ^ (-(1 / 2)) * (Real.log x)⁻¹| ≤
    2 * PrimeFactorOscillations.nicolasSpectralRemainderScale x
'PrimeFactorOscillations.nicolasHalfKernel_explicit_error' depends on axioms: [propext, Classical.choice, Quot.sound]
PrimeFactorOscillations.nicolasPsiSquareTail_explicit_error (hRH : RiemannHypothesis) {x : ℝ} (hx : 4 ≤ x) :
  |PrimeFactorOscillations.nicolasPsiRootTail 2 x - (Robin1984.robinZeroKernel 1 (1 / 2) x).re| ≤
    (Real.eulerMascheroniConstant + 2 - Real.log (4 * Real.pi)) * x ^ (-(3 / 4)) *
        (2 / Real.log x + 2 / Real.log x ^ 2 + 16 / (3 * Real.log x ^ 3)) +
      Real.log (2 * Real.pi) / (x * Real.log x)
'PrimeFactorOscillations.nicolasPsiSquareTail_explicit_error' depends on axioms: [propext, Classical.choice, Quot.sound]
PrimeFactorOscillations.nicolasPsiSquareTail_uniform_error (hRH : RiemannHypothesis) {x : ℝ} (hx : 4 ≤ x)
  (hlog : 1 ≤ Real.log x) :
  |PrimeFactorOscillations.nicolasPsiRootTail 2 x - (Robin1984.robinZeroKernel 1 (1 / 2) x).re| ≤
    (40 * (Real.eulerMascheroniConstant + 2 - Real.log (4 * Real.pi)) + 2 * Real.log (2 * Real.pi)) * x ^ (-(1 / 2)) *
      (Real.log x ^ 2)⁻¹
'PrimeFactorOscillations.nicolasPsiSquareTail_uniform_error' depends on axioms: [propext, Classical.choice, Quot.sound]
PrimeFactorOscillations.nicolasPrimePowerTail_uniform_square_bias (hRH : RiemannHypothesis) {x : ℝ} (hx : 4 ≤ x)
  (hlog : 1 ≤ Real.log x) :
  |Robin1984.nicolasPrimePowerTail x - 2 * x ^ (-(1 / 2)) * (Real.log x)⁻¹| ≤
    (10 + 40 * (Real.eulerMascheroniConstant + 2 - Real.log (4 * Real.pi)) + 2 * Real.log (2 * Real.pi) +
          (Real.log 4 + 4) * (79 / 3)) *
        x ^ (-(1 / 2)) *
      (Real.log x ^ 2)⁻¹
'PrimeFactorOscillations.nicolasPrimePowerTail_uniform_square_bias' depends on axioms: [propext,
 Classical.choice,
 Quot.sound]
PrimeFactorOscillations.nicolasK_wave_uniform_error (hRH : RiemannHypothesis) {x : ℝ} (hx : 4 ≤ x)
  (hlog : 1 ≤ Real.log x) :
  |Robin1984.nicolasK x + (2 + PrimeFactorOscillations.nicolasZeroWave x) / (x ^ (1 / 2) * Real.log x)| ≤
    (10 + 45 * (Real.eulerMascheroniConstant + 2 - Real.log (4 * Real.pi)) + 4 * Real.log (2 * Real.pi) +
          (Real.log 4 + 4) * (79 / 3)) *
        x ^ (-(1 / 2)) *
      (Real.log x ^ 2)⁻¹
'PrimeFactorOscillations.nicolasK_wave_uniform_error' depends on axioms: [propext, Classical.choice, Quot.sound]
PrimeFactorOscillations.publicRHThetaSpectralExpansion (hRH : RiemannHypothesis) {x : ℝ} (hx : max 4 (Real.exp 1) ≤ x) :
  PrimeFactorOscillations.nicolasZeroWave x =
      (∑' (p : RiemannXiDivisorZeroIndex),
          ↑x ^ (↑(riemannXiDivisorZeroValue p).im * Complex.I) /
            (riemannXiDivisorZeroValue p * (1 - riemannXiDivisorZeroValue p))).re ∧
    |PrimeFactorOscillations.nicolasZeroWave x| ≤ Real.eulerMascheroniConstant + 2 - Real.log (4 * Real.pi) ∧
      |Robin1984.nicolasK x + (2 + PrimeFactorOscillations.nicolasZeroWave x) / (x ^ (1 / 2) * Real.log x)| ≤
        (10 + 45 * (Real.eulerMascheroniConstant + 2 - Real.log (4 * Real.pi)) + 4 * Real.log (2 * Real.pi) +
              (Real.log 4 + 4) * (79 / 3)) *
            x ^ (-(1 / 2)) *
          (Real.log x ^ 2)⁻¹
'PrimeFactorOscillations.publicRHThetaSpectralExpansion' depends on axioms: [propext, Classical.choice, Quot.sound]
PrimeFactorOscillations.summable_nicolasThreeHalfZeroWeight :
  Summable PrimeFactorOscillations.nicolasThreeHalfZeroWeight
'PrimeFactorOscillations.summable_nicolasThreeHalfZeroWeight' depends on axioms: [propext, Classical.choice, Quot.sound]
PrimeFactorOscillations.norm_nicolasZeroCoefficient_le_sqrt_degree (hRH : RiemannHypothesis) {n : ℕ} (hn : 2 ≤ n)
  (p : RiemannXiDivisorZeroIndex) :
  ‖↑n / (↑n - riemannXiDivisorZeroValue p) / riemannXiDivisorZeroValue p‖ ≤
    2 * √↑n * PrimeFactorOscillations.nicolasThreeHalfZeroWeight p
'PrimeFactorOscillations.norm_nicolasZeroCoefficient_le_sqrt_degree' depends on axioms: [propext,
 Classical.choice,
 Quot.sound]
PrimeFactorOscillations.nicolasDegreeRemainderScalar_le {n : ℕ} (hn : 2 ≤ n) {x : ℝ} (hx : 1 < x)
  (hL : 1 ≤ Real.log x) :
  x ^ (1 / 2 - ↑n) * (Real.log x ^ 2)⁻¹ + 2 * (-x ^ (1 / 2 - ↑n) / (1 / 2 - ↑n) * (Real.log x ^ 3)⁻¹) ≤
    5 * (x ^ (1 / 2 - ↑n) * (Real.log x)⁻¹)
'PrimeFactorOscillations.nicolasDegreeRemainderScalar_le' depends on axioms: [propext, Classical.choice, Quot.sound]
PrimeFactorOscillations.norm_nicolasDegreeZeroKernel_le (hRH : RiemannHypothesis) {n : ℕ} (hn : 2 ≤ n) {x : ℝ}
  (hx : 1 < x) (hL : 1 ≤ Real.log x) (p : RiemannXiDivisorZeroIndex) :
  ‖Robin1984.robinZeroKernel n (riemannXiDivisorZeroValue p) x / riemannXiDivisorZeroValue p‖ ≤
    (2 * √↑n * PrimeFactorOscillations.nicolasThreeHalfZeroWeight p + 5 * ‖riemannXiDivisorZeroValue p‖⁻¹ ^ 2) *
      (x ^ (1 / 2 - ↑n) * (Real.log x)⁻¹)
'PrimeFactorOscillations.norm_nicolasDegreeZeroKernel_le' depends on axioms: [propext, Classical.choice, Quot.sound]
PrimeFactorOscillations.norm_tsum_nicolasDegreeZeroKernel_le (hRH : RiemannHypothesis) {n : ℕ} (hn : 2 ≤ n) {x : ℝ}
  (hx : 1 < x) (hL : 1 ≤ Real.log x) :
  ‖∑' (p : RiemannXiDivisorZeroIndex),
        Robin1984.robinZeroKernel n (riemannXiDivisorZeroValue p) x / riemannXiDivisorZeroValue p‖ ≤
    (2 * √↑n * PrimeFactorOscillations.nicolasThreeHalfZeroConstant +
        5 * (Real.eulerMascheroniConstant + 2 - Real.log (4 * Real.pi))) *
      (x ^ (1 / 2 - ↑n) * (Real.log x)⁻¹)
'PrimeFactorOscillations.norm_tsum_nicolasDegreeZeroKernel_le' depends on axioms: [propext,
 Classical.choice,
 Quot.sound]
PrimeFactorOscillations.abs_nicolasDegreeError_le (hRH : RiemannHypothesis) {n : ℕ} (hn : 2 ≤ n) {x : ℝ} (hx : 2 ≤ x)
  (hL : 1 ≤ Real.log x) :
  |Robin1984.robinPsiWeightedErrorIntegral n x| ≤
    PrimeFactorOscillations.nicolasDegreeErrorConstant * √↑n * (x ^ (1 / 2 - ↑n) * (Real.log x)⁻¹)
'PrimeFactorOscillations.abs_nicolasDegreeError_le' depends on axioms: [propext, Classical.choice, Quot.sound]
PrimeFactorOscillations.publicRHDegreeErrorBound (hRH : RiemannHypothesis) {n : ℕ} (hn : 2 ≤ n) {x : ℝ}
  (hx : max 2 (Real.exp 1) ≤ x) :
  |Robin1984.robinPsiWeightedErrorIntegral n x| ≤
    PrimeFactorOscillations.nicolasDegreeErrorConstant * √↑n * (x ^ (1 / 2 - ↑n) * (Real.log x)⁻¹)
'PrimeFactorOscillations.publicRHDegreeErrorBound' depends on axioms: [propext, Classical.choice, Quot.sound]
PrimeFactorOscillations.nicolasDegreeError_sub_eq_band {n : ℕ} (hn : 2 ≤ n) {a b : ℝ} (ha : 1 < a) (hab : a ≤ b) :
  Robin1984.robinPsiWeightedErrorIntegral n a - Robin1984.robinPsiWeightedErrorIntegral n b =
    ∫ (t : ℝ) in Set.Ioc a b, (Chebyshev.psi t - t) * Robin1984.robinRealWeight n t
'PrimeFactorOscillations.nicolasDegreeError_sub_eq_band' depends on axioms: [propext, Classical.choice, Quot.sound]
PrimeFactorOscillations.nicolasDegreeMass_sub_eq_band {n : ℕ} (hn : 1 ≤ n) {a b : ℝ} (ha : 1 < a) (hab : a ≤ b) :
  PrimeFactorOscillations.nicolasDegreeMass n a - PrimeFactorOscillations.nicolasDegreeMass n b =
    MeasureTheory.integral (MeasureTheory.volume.restrict (Set.Ioc a b)) (Robin1984.robinRealWeight n)
'PrimeFactorOscillations.nicolasDegreeMass_sub_eq_band' depends on axioms: [propext, Classical.choice, Quot.sound]
PrimeFactorOscillations.nicolasDegreeError_band_sandwich {n : ℕ} (hn : 2 ≤ n) {a b : ℝ} (ha : 1 < a) (hab : a ≤ b) :
  (Chebyshev.psi a - b) *
        (PrimeFactorOscillations.nicolasDegreeMass n a - PrimeFactorOscillations.nicolasDegreeMass n b) ≤
      Robin1984.robinPsiWeightedErrorIntegral n a - Robin1984.robinPsiWeightedErrorIntegral n b ∧
    Robin1984.robinPsiWeightedErrorIntegral n a - Robin1984.robinPsiWeightedErrorIntegral n b ≤
      (Chebyshev.psi b - a) *
        (PrimeFactorOscillations.nicolasDegreeMass n a - PrimeFactorOscillations.nicolasDegreeMass n b)
'PrimeFactorOscillations.nicolasDegreeError_band_sandwich' depends on axioms: [propext, Classical.choice, Quot.sound]
PrimeFactorOscillations.nicolasDegreeMass_pos (n : ℕ) {x : ℝ} (hx : 1 < x) :
  0 < PrimeFactorOscillations.nicolasDegreeMass n x
'PrimeFactorOscillations.nicolasDegreeMass_pos' depends on axioms: [propext, Classical.choice, Quot.sound]
PrimeFactorOscillations.nicolasDegreeMass_eq_inv (n : ℕ) {x : ℝ} (hx : 0 < x) :
  PrimeFactorOscillations.nicolasDegreeMass n x = (x ^ n * Real.log x)⁻¹
'PrimeFactorOscillations.nicolasDegreeMass_eq_inv' depends on axioms: [propext, Classical.choice, Quot.sound]
PrimeFactorOscillations.nicolasDegreeMass_halving {n : ℕ} {a b : ℝ} (ha : 1 < a) (hab : a ≤ b)
  (hPower : 2 * a ^ n ≤ b ^ n) :
  PrimeFactorOscillations.nicolasDegreeMass n b ≤ PrimeFactorOscillations.nicolasDegreeMass n a / 2
'PrimeFactorOscillations.nicolasDegreeMass_halving' depends on axioms: [propext, Classical.choice, Quot.sound]
PrimeFactorOscillations.abs_nicolasDegreeError_le_mass (hRH : RiemannHypothesis) {n : ℕ} (hn : 2 ≤ n) {x : ℝ}
  (hx : 2 ≤ x) (hL : 1 ≤ Real.log x) :
  |Robin1984.robinPsiWeightedErrorIntegral n x| ≤
    (|PrimeFactorOscillations.nicolasDegreeErrorConstant| + 1) * √↑n * √x *
      PrimeFactorOscillations.nicolasDegreeMass n x
'PrimeFactorOscillations.abs_nicolasDegreeError_le_mass' depends on axioms: [propext, Classical.choice, Quot.sound]
PrimeFactorOscillations.nicolasDegree_band_pointwise_bounds (hRH : RiemannHypothesis) {n : ℕ} (hn : 2 ≤ n) {a b : ℝ}
  (ha : 2 ≤ a) (hL : 1 ≤ Real.log a) (hab : a ≤ b) (hPower : 2 * a ^ n ≤ b ^ n) :
  Chebyshev.psi a ≤ b + 3 * (|PrimeFactorOscillations.nicolasDegreeErrorConstant| + 1) * √↑n * √b ∧
    a - 3 * (|PrimeFactorOscillations.nicolasDegreeErrorConstant| + 1) * √↑n * √b ≤ Chebyshev.psi b
'PrimeFactorOscillations.nicolasDegree_band_pointwise_bounds' depends on axioms: [propext, Classical.choice, Quot.sound]
PrimeFactorOscillations.nicolasDegree_dilation_power {n : ℕ} (hn : 2 ≤ n) {a : ℝ} (ha : 0 ≤ a) :
  2 * a ^ n ≤ (a * ↑n / (↑n - 1)) ^ n
'PrimeFactorOscillations.nicolasDegree_dilation_power' depends on axioms: [propext, Classical.choice, Quot.sound]
PrimeFactorOscillations.abs_nicolasPsiError_le_degree (hRH : RiemannHypothesis) {n : ℕ} (hn : 2 ≤ n) {x : ℝ}
  (hx : 4 ≤ x) (hL : 1 ≤ Real.log (x / 2)) :
  |Chebyshev.psi x - x| ≤ x / (↑n - 1) + 6 * (|PrimeFactorOscillations.nicolasDegreeErrorConstant| + 1) * √↑n * √x
'PrimeFactorOscillations.abs_nicolasPsiError_le_degree' depends on axioms: [propext, Classical.choice, Quot.sound]
PrimeFactorOscillations.abs_nicolasPsiError_le_two_thirds (hRH : RiemannHypothesis) {x : ℝ} (hx : 4 ≤ x)
  (hL : 1 ≤ Real.log (x / 2)) :
  |Chebyshev.psi x - x| ≤ (1 + 12 * (|PrimeFactorOscillations.nicolasDegreeErrorConstant| + 1)) * x ^ (2 / 3)
'PrimeFactorOscillations.abs_nicolasPsiError_le_two_thirds' depends on axioms: [propext, Classical.choice, Quot.sound]
PrimeFactorOscillations.abs_nicolasThetaError_le_two_thirds (hRH : RiemannHypothesis) {x : ℝ} (hx : 4 ≤ x)
  (hL : 1 ≤ Real.log (x / 2)) :
  |Chebyshev.theta x - x| ≤ (13 + 12 * (|PrimeFactorOscillations.nicolasDegreeErrorConstant| + 1)) * x ^ (2 / 3)
'PrimeFactorOscillations.abs_nicolasThetaError_le_two_thirds' depends on axioms: [propext, Classical.choice, Quot.sound]
PrimeFactorOscillations.publicRHPointwisePowerBound (hRH : RiemannHypothesis) {x : ℝ}
  (hx : max 4 (2 * Real.exp 1) ≤ x) :
  |Chebyshev.psi x - x| ≤ (1 + 12 * (|PrimeFactorOscillations.nicolasDegreeErrorConstant| + 1)) * x ^ (2 / 3) ∧
    |Chebyshev.theta x - x| ≤ (13 + 12 * (|PrimeFactorOscillations.nicolasDegreeErrorConstant| + 1)) * x ^ (2 / 3)
'PrimeFactorOscillations.publicRHPointwisePowerBound' depends on axioms: [propext, Classical.choice, Quot.sound]
Real.logLog_remainder_bounds_of_le {x y : ℝ} (hy : 1 < y) (hyx : y ≤ x) (hxy : x ≤ 2 * y) (hLy : 1 ≤ Real.log y) :
  0 ≤ (y - x) / (x * Real.log x) - (Real.log (Real.log y) - Real.log (Real.log x)) ∧
    (y - x) / (x * Real.log x) - (Real.log (Real.log y) - Real.log (Real.log x)) ≤
      6 * (y - x) ^ 2 / (x ^ 2 * Real.log x)
'Real.logLog_remainder_bounds_of_le' depends on axioms: [propext, Classical.choice, Quot.sound]
Real.logLog_remainder_abs_le {x y : ℝ} (hx : 1 < x) (hy : 1 < y) (hLx : 1 ≤ Real.log x) (hLy : 1 ≤ Real.log y)
  (hxy : x ≤ 2 * y) :
  |(y - x) / (x * Real.log x) - (Real.log (Real.log y) - Real.log (Real.log x))| ≤
    6 * (y - x) ^ 2 / (x ^ 2 * Real.log x)
'Real.logLog_remainder_abs_le' depends on axioms: [propext, Classical.choice, Quot.sound]
PrimeFactorOscillations.eventually_nicolasHeight_domain (hRH : RiemannHypothesis) :
  ∀ᶠ (x : ℝ) in Filter.atTop, max 4 (2 * Real.exp 1) ≤ x ∧ x ≤ 2 * Chebyshev.theta x ∧ 1 ≤ Real.log (Chebyshev.theta x)
'PrimeFactorOscillations.eventually_nicolasHeight_domain' depends on axioms: [propext, Classical.choice, Quot.sound]
PrimeFactorOscillations.eventually_abs_nicolasHeightTangentError_le (hRH : RiemannHypothesis) :
  ∀ᶠ (x : ℝ) in Filter.atTop,
    |PrimeFactorOscillations.nicolasHeightTangentError x| ≤
      36 * PrimeFactorOscillations.nicolasPointwiseThetaConstant ^ 2 * x ^ (-(1 / 2)) * (Real.log x ^ 2)⁻¹
'PrimeFactorOscillations.eventually_abs_nicolasHeightTangentError_le' depends on axioms: [propext,
 Classical.choice,
 Quot.sound]
PrimeFactorOscillations.nicolasLogSpectralConstant_pos : 0 < PrimeFactorOscillations.nicolasLogSpectralConstant
'PrimeFactorOscillations.nicolasLogSpectralConstant_pos' depends on axioms: [propext, Classical.choice, Quot.sound]
PrimeFactorOscillations.eventually_nicolasLog_wave_uniform_error (hRH : RiemannHypothesis) :
  ∀ᶠ (x : ℝ) in Filter.atTop,
    |Robin1984.nicolasLogMertensOscillation x +
          (2 + PrimeFactorOscillations.nicolasZeroWave x) / (x ^ (1 / 2) * Real.log x)| ≤
      PrimeFactorOscillations.nicolasLogSpectralConstant * x ^ (-(1 / 2)) * (Real.log x ^ 2)⁻¹
'PrimeFactorOscillations.eventually_nicolasLog_wave_uniform_error' depends on axioms: [propext,
 Classical.choice,
 Quot.sound]
PrimeFactorOscillations.publicRHLogSpectralExpansion (hRH : RiemannHypothesis) :
  ∃ C,
    0 < C ∧
      ∃ X,
        ∀ (x : ℝ),
          X ≤ x →
            PrimeFactorOscillations.nicolasZeroWave x =
                (∑' (p : RiemannXiDivisorZeroIndex),
                    ↑x ^ (↑(riemannXiDivisorZeroValue p).im * Complex.I) /
                      (riemannXiDivisorZeroValue p * (1 - riemannXiDivisorZeroValue p))).re ∧
              |PrimeFactorOscillations.nicolasZeroWave x| ≤ Real.eulerMascheroniConstant + 2 - Real.log (4 * Real.pi) ∧
                |Robin1984.nicolasLogMertensOscillation x +
                      (2 + PrimeFactorOscillations.nicolasZeroWave x) / (x ^ (1 / 2) * Real.log x)| ≤
                  C * x ^ (-(1 / 2)) * (Real.log x ^ 2)⁻¹
'PrimeFactorOscillations.publicRHLogSpectralExpansion' depends on axioms: [propext, Classical.choice, Quot.sound]
PrimeFactorOscillations.nicolasPrimeProductClock_eq_theta_mul_exp {x : ℝ} (hx : 1 < Chebyshev.theta x) :
  PrimeFactorOscillations.nicolasPrimeProductClock x =
    Chebyshev.theta x *
      Real.exp (Real.log (Chebyshev.theta x) * (Real.exp (-Robin1984.nicolasLogMertensOscillation x) - 1))
'PrimeFactorOscillations.nicolasPrimeProductClock_eq_theta_mul_exp' depends on axioms: [propext,
 Classical.choice,
 Quot.sound]
PrimeFactorOscillations.eventually_abs_nicolasLog_scaled_error_le (hRH : RiemannHypothesis) :
  ∀ᶠ (x : ℝ) in Filter.atTop,
    |Robin1984.nicolasLogMertensOscillation x * (x ^ (1 / 2) * Real.log x) +
          (2 + PrimeFactorOscillations.nicolasZeroWave x)| ≤
      PrimeFactorOscillations.nicolasLogSpectralConstant * (Real.log x)⁻¹
'PrimeFactorOscillations.eventually_abs_nicolasLog_scaled_error_le' depends on axioms: [propext,
 Classical.choice,
 Quot.sound]
PrimeFactorOscillations.tendsto_nicolasLog_scaled_error (hRH : RiemannHypothesis) :
  Filter.Tendsto
    (fun x =>
      Robin1984.nicolasLogMertensOscillation x * (x ^ (1 / 2) * Real.log x) +
        (2 + PrimeFactorOscillations.nicolasZeroWave x))
    Filter.atTop (nhds 0)
'PrimeFactorOscillations.tendsto_nicolasLog_scaled_error' depends on axioms: [propext, Classical.choice, Quot.sound]
PrimeFactorOscillations.tendsto_nicolasLog_mul_log (hRH : RiemannHypothesis) :
  Filter.Tendsto (fun x => Robin1984.nicolasLogMertensOscillation x * Real.log x) Filter.atTop (nhds 0)
'PrimeFactorOscillations.tendsto_nicolasLog_mul_log' depends on axioms: [propext, Classical.choice, Quot.sound]
PrimeFactorOscillations.tendsto_nicolasLog_zero (hRH : RiemannHypothesis) :
  Filter.Tendsto Robin1984.nicolasLogMertensOscillation Filter.atTop (nhds 0)
'PrimeFactorOscillations.tendsto_nicolasLog_zero' depends on axioms: [propext, Classical.choice, Quot.sound]
PrimeFactorOscillations.tendsto_nicolasPrimeProductClock_normalized_error (hRH : RiemannHypothesis) :
  Filter.Tendsto
    (fun x =>
      (PrimeFactorOscillations.nicolasPrimeProductClock x - Chebyshev.theta x) / x ^ (1 / 2) -
        (2 + PrimeFactorOscillations.nicolasZeroWave x))
    Filter.atTop (nhds 0)
'PrimeFactorOscillations.tendsto_nicolasPrimeProductClock_normalized_error' depends on axioms: [propext,
 Classical.choice,
 Quot.sound]
PrimeFactorOscillations.publicRHSpatialClockExpansion (hRH : RiemannHypothesis) :
  Filter.Tendsto
      (fun x =>
        (PrimeFactorOscillations.nicolasPrimeProductClock x - Chebyshev.theta x) / x ^ (1 / 2) -
          (2 + PrimeFactorOscillations.nicolasZeroWave x))
      Filter.atTop (nhds 0) ∧
    ∀ (epsilon : ℝ),
      0 < epsilon →
        ∃ X,
          ∀ (x : ℝ),
            X ≤ x →
              (2 - (Real.eulerMascheroniConstant + 2 - Real.log (4 * Real.pi)) - epsilon) * x ^ (1 / 2) ≤
                  PrimeFactorOscillations.nicolasPrimeProductClock x - Chebyshev.theta x ∧
                PrimeFactorOscillations.nicolasPrimeProductClock x - Chebyshev.theta x ≤
                  (2 + (Real.eulerMascheroniConstant + 2 - Real.log (4 * Real.pi)) + epsilon) * x ^ (1 / 2)
'PrimeFactorOscillations.publicRHSpatialClockExpansion' depends on axioms: [propext, Classical.choice, Quot.sound]
PrimeFactorOscillations.exists_primePrefixProfile_spatial_sign_transfer (a b D gamma : ℝ) (ha : 0 < a) (hab : a ≤ b)
  (hD : 1 ≤ D) :
  ∃ r0 N0 K,
    0 < r0 ∧
      2 ≤ N0 ∧
        0 ≤ K ∧
          ∀ (r : ℕ),
            r0 ≤ r →
              ∀ (N : ℕ),
                N0 ≤ N →
                  ∀ (B L : ℝ),
                    (∀ (u : ℝ), Set.Icc (min B L) (max B L) u → 0 < u ∧ a ≤ ↑r / u ∧ ↑r / u ≤ b) →
                      Real.exp (Real.exp (B - gamma)) ≤ D * ↑N →
                        Real.exp (Real.exp (L - gamma)) ≤ D * ↑N →
                          0 <
                              Nat.factorialConvolution
                                (fun j =>
                                  (BombieriVinogradov.ComplexAnalysis.taylorCoefficient
                                      (PrimeFactorOscillations.primePrefixProfile N) 0 j).re)
                                r B ∧
                            0 < Nat.factorialConvolution PrimeFactorOscillations.primeProfileRealCoefficient r L ∧
                              (K * Real.log ↑N < Real.exp (Real.exp (L - gamma)) - Real.exp (Real.exp (B - gamma)) →
                                  Nat.factorialConvolution PrimeFactorOscillations.primeProfileRealCoefficient (r - 1)
                                        L /
                                      Nat.factorialConvolution PrimeFactorOscillations.primeProfileRealCoefficient r L <
                                    Nat.factorialConvolution
                                        (fun j =>
                                          (BombieriVinogradov.ComplexAnalysis.taylorCoefficient
                                              (PrimeFactorOscillations.primePrefixProfile N) 0 j).re)
                                        (r - 1) B /
                                      Nat.factorialConvolution
                                        (fun j =>
                                          (BombieriVinogradov.ComplexAnalysis.taylorCoefficient
                                              (PrimeFactorOscillations.primePrefixProfile N) 0 j).re)
                                        r B) ∧
                                (K * Real.log ↑N < Real.exp (Real.exp (B - gamma)) - Real.exp (Real.exp (L - gamma)) →
                                  Nat.factorialConvolution
                                        (fun j =>
                                          (BombieriVinogradov.ComplexAnalysis.taylorCoefficient
                                              (PrimeFactorOscillations.primePrefixProfile N) 0 j).re)
                                        (r - 1) B /
                                      Nat.factorialConvolution
                                        (fun j =>
                                          (BombieriVinogradov.ComplexAnalysis.taylorCoefficient
                                              (PrimeFactorOscillations.primePrefixProfile N) 0 j).re)
                                        r B <
                                    Nat.factorialConvolution PrimeFactorOscillations.primeProfileRealCoefficient (r - 1)
                                        L /
                                      Nat.factorialConvolution PrimeFactorOscillations.primeProfileRealCoefficient r L)
'PrimeFactorOscillations.exists_primePrefixProfile_spatial_sign_transfer' depends on axioms: [propext,
 Classical.choice,
 Quot.sound]
PrimeFactorOscillations.nicolasPrimeProductClock_nat_eq_prefix_clock (N : ℕ) :
  PrimeFactorOscillations.nicolasPrimeProductClock ↑N =
    Real.exp
      (Real.exp
        (∑ p ∈ PrimeFactorOscillations.primeProfilePrefixSet N,
            Real.log (1 + PrimeFactorOscillations.primeProfileWeight ↑p) -
          Real.eulerMascheroniConstant))
'PrimeFactorOscillations.nicolasPrimeProductClock_nat_eq_prefix_clock' depends on axioms: [propext,
 Classical.choice,
 Quot.sound]
PrimeFactorOscillations.exists_densityRatio_spatial_sign_transfer (a b D : ℝ) (ha : 0 < a) (hab : a ≤ b) (hD : 1 ≤ D) :
  ∃ r0 N0 K,
    0 < r0 ∧
      2 ≤ N0 ∧
        0 ≤ K ∧
          ∀ (r : ℕ),
            r0 ≤ r →
              ∀ (N : ℕ),
                N0 ≤ N →
                  ∀ (L : ℝ),
                    have B :=
                      ∑ p ∈ PrimeFactorOscillations.primeProfilePrefixSet N,
                        Real.log (1 + PrimeFactorOscillations.primeProfileWeight ↑p);
                    (∀ (u : ℝ), Set.Icc (min B L) (max B L) u → 0 < u ∧ a ≤ ↑r / u ∧ ↑r / u ≤ b) →
                      PrimeFactorOscillations.nicolasPrimeProductClock ↑N ≤ D * ↑N →
                        Real.exp (Real.exp (L - Real.eulerMascheroniConstant)) ≤ D * ↑N →
                          0 < ↑(PrimeFactorUnimodality.weightEsymm (PrimeFactorUnimodality.primesBelow (N + 1)) r) ∧
                            0 < Nat.factorialConvolution PrimeFactorOscillations.primeProfileRealCoefficient r L ∧
                              (K * Real.log ↑N <
                                    Real.exp (Real.exp (L - Real.eulerMascheroniConstant)) -
                                      PrimeFactorOscillations.nicolasPrimeProductClock ↑N →
                                  Nat.factorialConvolution PrimeFactorOscillations.primeProfileRealCoefficient (r - 1)
                                        L /
                                      Nat.factorialConvolution PrimeFactorOscillations.primeProfileRealCoefficient r L <
                                    ↑(PrimeFactorUnimodality.densityRatio (PrimeFactorUnimodality.primesBelow (N + 1))
                                        r)) ∧
                                (K * Real.log ↑N <
                                    PrimeFactorOscillations.nicolasPrimeProductClock ↑N -
                                      Real.exp (Real.exp (L - Real.eulerMascheroniConstant)) →
                                  ↑(PrimeFactorUnimodality.densityRatio (PrimeFactorUnimodality.primesBelow (N + 1))
                                        r) <
                                    Nat.factorialConvolution PrimeFactorOscillations.primeProfileRealCoefficient (r - 1)
                                        L /
                                      Nat.factorialConvolution PrimeFactorOscillations.primeProfileRealCoefficient r L)
'PrimeFactorOscillations.exists_densityRatio_spatial_sign_transfer' depends on axioms: [propext,
 Classical.choice,
 Quot.sound]
PrimeFactorOscillations.exists_densityRatio_local_spatial_threshold (s D : ℝ) (hs : 0 < s) (hD : 1 ≤ D) :
  ∃ A r0 N0 K,
    0 < A ∧
      0 < r0 ∧
        2 ≤ N0 ∧
          0 ≤ K ∧
            ∀ (r : ℕ),
              r0 ≤ r →
                ∃ L,
                  Set.Ioo (↑r / s - A) (↑r / s + A) L ∧
                    Nat.factorialConvolution PrimeFactorOscillations.primeProfileRealCoefficient (r - 1) L /
                          Nat.factorialConvolution PrimeFactorOscillations.primeProfileRealCoefficient r L =
                        s ∧
                      (∀ (v : ℝ),
                          Set.Icc (↑r / s - A) (↑r / s + A) v →
                            Nat.factorialConvolution PrimeFactorOscillations.primeProfileRealCoefficient (r - 1) v /
                                  Nat.factorialConvolution PrimeFactorOscillations.primeProfileRealCoefficient r v =
                                s →
                              v = L) ∧
                        ∀ (N : ℕ),
                          N0 ≤ N →
                            have B :=
                              ∑ p ∈ PrimeFactorOscillations.primeProfilePrefixSet N,
                                Real.log (1 + PrimeFactorOscillations.primeProfileWeight ↑p);
                            Set.Icc (↑r / s - A) (↑r / s + A) B →
                              PrimeFactorOscillations.nicolasPrimeProductClock ↑N ≤ D * ↑N →
                                Real.exp (Real.exp (L - Real.eulerMascheroniConstant)) ≤ D * ↑N →
                                  0 <
                                      ↑(PrimeFactorUnimodality.weightEsymm (PrimeFactorUnimodality.primesBelow (N + 1))
                                          r) ∧
                                    (K * Real.log ↑N <
                                          Real.exp (Real.exp (L - Real.eulerMascheroniConstant)) -
                                            PrimeFactorOscillations.nicolasPrimeProductClock ↑N →
                                        s <
                                          ↑(PrimeFactorUnimodality.densityRatio
                                              (PrimeFactorUnimodality.primesBelow (N + 1)) r)) ∧
                                      (K * Real.log ↑N <
                                          PrimeFactorOscillations.nicolasPrimeProductClock ↑N -
                                            Real.exp (Real.exp (L - Real.eulerMascheroniConstant)) →
                                        ↑(PrimeFactorUnimodality.densityRatio
                                              (PrimeFactorUnimodality.primesBelow (N + 1)) r) <
                                          s)
'PrimeFactorOscillations.exists_densityRatio_local_spatial_threshold' depends on axioms: [propext,
 Classical.choice,
 Quot.sound]
PrimeFactorOscillations.publicLocalDensityRatioThreshold (h : ℕ) (D : ℝ) (hD : 1 ≤ D) :
  ∃ A r0 N0 K,
    0 < A ∧
      0 < r0 ∧
        2 ≤ N0 ∧
          0 ≤ K ∧
            ∀ (r : ℕ),
              r0 ≤ r →
                ∃ L,
                  Set.Ioo (↑r / (↑h + 1) - A) (↑r / (↑h + 1) + A) L ∧
                    Nat.factorialConvolution PrimeFactorOscillations.primeProfileRealCoefficient (r - 1) L /
                          Nat.factorialConvolution PrimeFactorOscillations.primeProfileRealCoefficient r L =
                        ↑h + 1 ∧
                      (∀ (v : ℝ),
                          Set.Icc (↑r / (↑h + 1) - A) (↑r / (↑h + 1) + A) v →
                            Nat.factorialConvolution PrimeFactorOscillations.primeProfileRealCoefficient (r - 1) v /
                                  Nat.factorialConvolution PrimeFactorOscillations.primeProfileRealCoefficient r v =
                                ↑h + 1 →
                              v = L) ∧
                        ∀ (N : ℕ),
                          N0 ≤ N →
                            have B :=
                              ∑ p ∈ PrimeFactorOscillations.primeProfilePrefixSet N,
                                Real.log (1 + PrimeFactorOscillations.primeProfileWeight ↑p);
                            Set.Icc (↑r / (↑h + 1) - A) (↑r / (↑h + 1) + A) B →
                              PrimeFactorOscillations.nicolasPrimeProductClock ↑N ≤ D * ↑N →
                                Real.exp (Real.exp (L - Real.eulerMascheroniConstant)) ≤ D * ↑N →
                                  0 <
                                      ↑(PrimeFactorUnimodality.weightEsymm (PrimeFactorUnimodality.primesBelow (N + 1))
                                          r) ∧
                                    (K * Real.log ↑N <
                                          Real.exp (Real.exp (L - Real.eulerMascheroniConstant)) -
                                            PrimeFactorOscillations.nicolasPrimeProductClock ↑N →
                                        ↑h + 1 <
                                          ↑(PrimeFactorUnimodality.densityRatio
                                              (PrimeFactorUnimodality.primesBelow (N + 1)) r)) ∧
                                      (K * Real.log ↑N <
                                          PrimeFactorOscillations.nicolasPrimeProductClock ↑N -
                                            Real.exp (Real.exp (L - Real.eulerMascheroniConstant)) →
                                        ↑(PrimeFactorUnimodality.densityRatio
                                              (PrimeFactorUnimodality.primesBelow (N + 1)) r) <
                                          ↑h + 1)
'PrimeFactorOscillations.publicLocalDensityRatioThreshold' depends on axioms: [propext, Classical.choice, Quot.sound]
PrimeFactorOscillations.exists_primePrefixProfile_log_error (b : ℝ) (hb : 0 ≤ b) :
  ∃ C,
    0 ≤ C ∧
      ∀ (N : ℕ),
        1 ≤ N →
          ∀ (z : ℝ),
            0 ≤ z →
              z ≤ b →
                |Real.log (PrimeFactorOscillations.primePrefixProfile N ↑z).re -
                      Real.log (PrimeFactorOscillations.primeProfile ↑z).re| ≤
                  C / ↑N
'PrimeFactorOscillations.exists_primePrefixProfile_log_error' depends on axioms: [propext, Classical.choice, Quot.sound]
PrimeFactorOscillations.primePrefixProfile_log_eq_sum (N : ℕ) (z : ℝ) (hz : 0 ≤ z) :
  Real.log (PrimeFactorOscillations.primePrefixProfile N ↑z).re =
    ∑ p ∈ PrimeFactorOscillations.primeProfilePrefixSet N,
        Real.log (1 + PrimeFactorOscillations.primeProfileWeight ↑p * z) -
      z *
        ∑ p ∈ PrimeFactorOscillations.primeProfilePrefixSet N,
          Real.log (1 + PrimeFactorOscillations.primeProfileWeight ↑p)
'PrimeFactorOscillations.primePrefixProfile_log_eq_sum' depends on axioms: [propext, Classical.choice, Quot.sound]
PrimeFactorOscillations.nicolasTiltedLog_nat_eq_components (z : ℝ) (hz : 0 ≤ z) (N : ℕ)
  (hTheta : 1 < Chebyshev.theta ↑N) :
  PrimeFactorOscillations.nicolasTiltedLog z ↑N =
    z * Robin1984.nicolasLogMertensOscillation ↑N +
      (Real.log (PrimeFactorOscillations.primeProfile ↑z).re -
        Real.log (PrimeFactorOscillations.primePrefixProfile N ↑z).re)
'PrimeFactorOscillations.nicolasTiltedLog_nat_eq_components' depends on axioms: [propext, Classical.choice, Quot.sound]
PrimeFactorOscillations.exists_nicolasTiltedLog_nat_error (b : ℝ) (hb : 0 ≤ b) :
  ∃ C,
    0 ≤ C ∧
      ∀ (N : ℕ),
        1 ≤ N →
          1 < Chebyshev.theta ↑N →
            ∀ (z : ℝ),
              0 ≤ z →
                z ≤ b →
                  |PrimeFactorOscillations.nicolasTiltedLog z ↑N - z * Robin1984.nicolasLogMertensOscillation ↑N| ≤
                    C / ↑N
'PrimeFactorOscillations.exists_nicolasTiltedLog_nat_error' depends on axioms: [propext, Classical.choice, Quot.sound]
PrimeFactorOscillations.riemannHypothesis_iff_eventually_nicolasTiltedLog_nat_neg (z : ℝ) (hz : 0 < z) :
  RiemannHypothesis ↔ ∀ᶠ (N : ℕ) in Filter.atTop, PrimeFactorOscillations.nicolasTiltedLog z ↑N < 0
'PrimeFactorOscillations.riemannHypothesis_iff_eventually_nicolasTiltedLog_nat_neg' depends on axioms: [propext,
 Classical.choice,
 Quot.sound]
PrimeFactorOscillations.nicolasTiltedLog_natFloor (z x : ℝ) :
  PrimeFactorOscillations.nicolasTiltedLog z ↑⌊x⌋₊ = PrimeFactorOscillations.nicolasTiltedLog z x
'PrimeFactorOscillations.nicolasTiltedLog_natFloor' depends on axioms: [propext, Classical.choice, Quot.sound]
PrimeFactorOscillations.riemannHypothesis_iff_eventually_nicolasTiltedLog_neg (z : ℝ) (hz : 0 < z) :
  RiemannHypothesis ↔ ∀ᶠ (x : ℝ) in Filter.atTop, PrimeFactorOscillations.nicolasTiltedLog z x < 0
'PrimeFactorOscillations.riemannHypothesis_iff_eventually_nicolasTiltedLog_neg' depends on axioms: [propext,
 Classical.choice,
 Quot.sound]
PrimeFactorOscillations.nicolasTiltedProduct_pos (z x : ℝ) (hz : 0 ≤ z) (hTheta : 1 < Chebyshev.theta x) :
  0 < PrimeFactorOscillations.nicolasTiltedProduct z x
'PrimeFactorOscillations.nicolasTiltedProduct_pos' depends on axioms: [propext, Classical.choice, Quot.sound]
PrimeFactorOscillations.log_nicolasTiltedProduct (z x : ℝ) (hz : 0 ≤ z) (hTheta : 1 < Chebyshev.theta x) :
  Real.log (PrimeFactorOscillations.nicolasTiltedProduct z x) = PrimeFactorOscillations.nicolasTiltedLog z x
'PrimeFactorOscillations.log_nicolasTiltedProduct' depends on axioms: [propext, Classical.choice, Quot.sound]
PrimeFactorOscillations.riemannHypothesis_iff_eventually_nicolasTiltedProduct_lt_one (z : ℝ) (hz : 0 < z) :
  RiemannHypothesis ↔ ∀ᶠ (x : ℝ) in Filter.atTop, PrimeFactorOscillations.nicolasTiltedProduct z x < 1
'PrimeFactorOscillations.riemannHypothesis_iff_eventually_nicolasTiltedProduct_lt_one' depends on axioms: [propext,
 Classical.choice,
 Quot.sound]
PrimeFactorOscillations.publicTiltedPrimeProductCriterion (z : ℝ) (hz : 0 < z) :
  RiemannHypothesis ↔
    ∀ᶠ (x : ℝ) in Filter.atTop,
      Real.exp (z * Real.eulerMascheroniConstant + Real.log (PrimeFactorOscillations.primeProfile ↑z).re) *
            Real.log (Chebyshev.theta x) ^ z /
          ∏ p ∈ PrimeFactorOscillations.primeProfilePrefixSet ⌊x⌋₊,
            (1 + PrimeFactorOscillations.primeProfileWeight ↑p * z) <
        1
'PrimeFactorOscillations.publicTiltedPrimeProductCriterion' depends on axioms: [propext, Classical.choice, Quot.sound]
PrimeFactorOscillations.primePrefixProfile_log_tail_bounds (N M : ℕ) (hN : 1 ≤ N) (hNM : N ≤ M) (z : ℝ) (hz : 0 ≤ z) :
  -(z ^ 2 / ↑N) ≤
      Real.log (PrimeFactorOscillations.primePrefixProfile M ↑z).re -
        Real.log (PrimeFactorOscillations.primePrefixProfile N ↑z).re ∧
    Real.log (PrimeFactorOscillations.primePrefixProfile M ↑z).re -
        Real.log (PrimeFactorOscillations.primePrefixProfile N ↑z).re ≤
      z / ↑N
'PrimeFactorOscillations.primePrefixProfile_log_tail_bounds' depends on axioms: [propext, Classical.choice, Quot.sound]
PrimeFactorOscillations.primeProfile_log_tail_bounds (N : ℕ) (hN : 1 ≤ N) (z : ℝ) (hz : 0 ≤ z) :
  -(z ^ 2 / ↑N) ≤
      Real.log (PrimeFactorOscillations.primeProfile ↑z).re -
        Real.log (PrimeFactorOscillations.primePrefixProfile N ↑z).re ∧
    Real.log (PrimeFactorOscillations.primeProfile ↑z).re -
        Real.log (PrimeFactorOscillations.primePrefixProfile N ↑z).re ≤
      z / ↑N
'PrimeFactorOscillations.primeProfile_log_tail_bounds' depends on axioms: [propext, Classical.choice, Quot.sound]
PrimeFactorOscillations.nicolasTiltedLog_nat_tail_bounds (N : ℕ) (hN : 1 ≤ N) (hTheta : 1 < Chebyshev.theta ↑N) (z : ℝ)
  (hz : 0 ≤ z) :
  z * Robin1984.nicolasLogMertensOscillation ↑N - z ^ 2 / ↑N ≤ PrimeFactorOscillations.nicolasTiltedLog z ↑N ∧
    PrimeFactorOscillations.nicolasTiltedLog z ↑N ≤ z * Robin1984.nicolasLogMertensOscillation ↑N + z / ↑N
'PrimeFactorOscillations.nicolasTiltedLog_nat_tail_bounds' depends on axioms: [propext, Classical.choice, Quot.sound]
PrimeFactorOscillations.eventually_forall_pos_nicolasTiltedLog_nat_neg_of_RH (hRH : RiemannHypothesis) :
  ∀ᶠ (N : ℕ) in Filter.atTop, ∀ (z : ℝ), 0 < z → PrimeFactorOscillations.nicolasTiltedLog z ↑N < 0
'PrimeFactorOscillations.eventually_forall_pos_nicolasTiltedLog_nat_neg_of_RH' depends on axioms: [propext,
 Classical.choice,
 Quot.sound]
PrimeFactorOscillations.riemannHypothesis_iff_eventually_all_positive_tiltedProducts_lt_one :
  RiemannHypothesis ↔
    ∀ᶠ (x : ℝ) in Filter.atTop, ∀ (z : ℝ), 0 < z → PrimeFactorOscillations.nicolasTiltedProduct z x < 1
'PrimeFactorOscillations.riemannHypothesis_iff_eventually_all_positive_tiltedProducts_lt_one' depends on axioms: [propext,
 Classical.choice,
 Quot.sound]
PrimeFactorOscillations.publicAllPositiveTiltedPrimeProductCriterion :
  RiemannHypothesis ↔
    ∀ᶠ (x : ℝ) in Filter.atTop,
      ∀ (z : ℝ),
        0 < z →
          Real.exp (z * Real.eulerMascheroniConstant + Real.log (PrimeFactorOscillations.primeProfile ↑z).re) *
                Real.log (Chebyshev.theta x) ^ z /
              ∏ p ∈ PrimeFactorOscillations.primeProfilePrefixSet ⌊x⌋₊,
                (1 + PrimeFactorOscillations.primeProfileWeight ↑p * z) <
            1
'PrimeFactorOscillations.publicAllPositiveTiltedPrimeProductCriterion' depends on axioms: [propext,
 Classical.choice,
 Quot.sound]
PrimeFactorOscillations.summable_primeProfile_logFactor (z : ℝ) (hz : 0 ≤ z) :
  Summable fun p =>
    Real.log (1 + PrimeFactorOscillations.primeProfileWeight ↑p * z) -
      Real.log (1 + PrimeFactorOscillations.primeProfileWeight ↑p) * z
'PrimeFactorOscillations.summable_primeProfile_logFactor' depends on axioms: [propext, Classical.choice, Quot.sound]
PrimeFactorOscillations.log_primeProfile_eq_tsum (z : ℝ) (hz : 0 ≤ z) :
  Real.log (PrimeFactorOscillations.primeProfile ↑z).re =
    ∑' (p : Nat.Primes),
      (Real.log (1 + PrimeFactorOscillations.primeProfileWeight ↑p * z) -
        Real.log (1 + PrimeFactorOscillations.primeProfileWeight ↑p) * z)
'PrimeFactorOscillations.log_primeProfile_eq_tsum' depends on axioms: [propext, Classical.choice, Quot.sound]
PrimeFactorOscillations.primeProfile_log_tail_eq_tsum (N : ℕ) (z : ℝ) (hz : 0 ≤ z) :
  Real.log (PrimeFactorOscillations.primeProfile ↑z).re -
      Real.log (PrimeFactorOscillations.primePrefixProfile N ↑z).re =
    ∑' (p : { p // N < ↑p }),
      (Real.log (1 + PrimeFactorOscillations.primeProfileWeight ↑↑p * z) -
        Real.log (1 + PrimeFactorOscillations.primeProfileWeight ↑↑p) * z)
'PrimeFactorOscillations.primeProfile_log_tail_eq_tsum' depends on axioms: [propext, Classical.choice, Quot.sound]
PrimeFactorOscillations.primeProfile_log_tail_nonneg (N : ℕ) (z : ℝ) (hz : 0 ≤ z) (hzOne : z ≤ 1) :
  0 ≤
    Real.log (PrimeFactorOscillations.primeProfile ↑z).re -
      Real.log (PrimeFactorOscillations.primePrefixProfile N ↑z).re
'PrimeFactorOscillations.primeProfile_log_tail_nonneg' depends on axioms: [propext, Classical.choice, Quot.sound]
PrimeFactorOscillations.primeProfile_log_tail_nonpos (N : ℕ) (z : ℝ) (hzOne : 1 ≤ z) :
  Real.log (PrimeFactorOscillations.primeProfile ↑z).re -
      Real.log (PrimeFactorOscillations.primePrefixProfile N ↑z).re ≤
    0
'PrimeFactorOscillations.primeProfile_log_tail_nonpos' depends on axioms: [propext, Classical.choice, Quot.sound]
PrimeFactorOscillations.publicTiltedLogTail (N : ℕ) (z : ℝ) (hz : 0 ≤ z) (hTheta : 1 < Chebyshev.theta ↑N) :
  PrimeFactorOscillations.nicolasTiltedLog z ↑N =
      z * Robin1984.nicolasLogMertensOscillation ↑N +
        ∑' (p : { p // N < ↑p }),
          (Real.log (1 + PrimeFactorOscillations.primeProfileWeight ↑↑p * z) -
            Real.log (1 + PrimeFactorOscillations.primeProfileWeight ↑↑p) * z) ∧
    (z ≤ 1 → z * Robin1984.nicolasLogMertensOscillation ↑N ≤ PrimeFactorOscillations.nicolasTiltedLog z ↑N) ∧
      (1 ≤ z → PrimeFactorOscillations.nicolasTiltedLog z ↑N ≤ z * Robin1984.nicolasLogMertensOscillation ↑N)
'PrimeFactorOscillations.publicTiltedLogTail' depends on axioms: [propext, Classical.choice, Quot.sound]
PrimeFactorOscillations.hasDerivAt_nicolasTiltedWeight {z t : ℝ} (hz : 0 ≤ z) (ht : 1 < t) :
  HasDerivAt (PrimeFactorOscillations.nicolasTiltedWeight z) (-PrimeFactorOscillations.nicolasTiltedKernel z t) t
'PrimeFactorOscillations.hasDerivAt_nicolasTiltedWeight' depends on axioms: [propext, Classical.choice, Quot.sound]
PrimeFactorOscillations.nicolasTiltedKernel_pos {z t : ℝ} (hz : 0 < z) (ht : 1 < t) :
  0 < PrimeFactorOscillations.nicolasTiltedKernel z t
'PrimeFactorOscillations.nicolasTiltedKernel_pos' depends on axioms: [propext, Classical.choice, Quot.sound]
PrimeFactorOscillations.nicolasTiltedKernel_error {z t : ℝ} (hz : 0 ≤ z) (ht : 2 ≤ t) (hlog : 1 ≤ Real.log t) :
  |PrimeFactorOscillations.nicolasTiltedKernel z t - z * Robin1984.nicolasTailKernel t| ≤
    14 * (z + z ^ 2) / (t ^ 3 * Real.log t)
'PrimeFactorOscillations.nicolasTiltedKernel_error' depends on axioms: [propext, Classical.choice, Quot.sound]
PrimeFactorOscillations.publicTiltedKernelComparison (z t : ℝ) (hz : 0 ≤ z) (ht : 2 ≤ t) (hlog : 1 ≤ Real.log t) :
  HasDerivAt (fun s => Real.log (1 + z / (s - 1)) / Real.log s) (-PrimeFactorOscillations.nicolasTiltedKernel z t) t ∧
    (0 < z → 0 < PrimeFactorOscillations.nicolasTiltedKernel z t) ∧
      |PrimeFactorOscillations.nicolasTiltedKernel z t - z * Robin1984.nicolasTailKernel t| ≤
        14 * (z + z ^ 2) / (t ^ 3 * Real.log t)
'PrimeFactorOscillations.publicTiltedKernelComparison' depends on axioms: [propext, Classical.choice, Quot.sound]
PrimeFactorOscillations.nicolasTiltedIntegralErrorConstant_nonneg {z : ℝ} (hz : 0 ≤ z) :
  0 ≤ PrimeFactorOscillations.nicolasTiltedIntegralErrorConstant z
'PrimeFactorOscillations.nicolasTiltedIntegralErrorConstant_nonneg' depends on axioms: [propext,
 Classical.choice,
 Quot.sound]
PrimeFactorOscillations.nicolasTiltedIntegrand_error {z t : ℝ} (hz : 0 ≤ z) (ht : 3 ≤ t) :
  ‖Robin1984.nicolasThetaError t *
        (PrimeFactorOscillations.nicolasTiltedKernel z t - z * Robin1984.nicolasTailKernel t)‖ ≤
    PrimeFactorOscillations.nicolasTiltedIntegralErrorConstant z / (t ^ 2 * Real.log t)
'PrimeFactorOscillations.nicolasTiltedIntegrand_error' depends on axioms: [propext, Classical.choice, Quot.sound]
PrimeFactorOscillations.nicolasTiltedIntegrand_error_majorant {z x t : ℝ} (hz : 0 ≤ z) (hx : 3 ≤ x) (ht : x < t) :
  ‖Robin1984.nicolasThetaError t *
        (PrimeFactorOscillations.nicolasTiltedKernel z t - z * Robin1984.nicolasTailKernel t)‖ ≤
    PrimeFactorOscillations.nicolasTiltedIntegralErrorConstant z / Real.log x * t ^ (-2)
'PrimeFactorOscillations.nicolasTiltedIntegrand_error_majorant' depends on axioms: [propext,
 Classical.choice,
 Quot.sound]
PrimeFactorOscillations.integrableOn_nicolasTiltedIntegral_error {z x : ℝ} (hz : 0 ≤ z) (hx : 3 ≤ x) :
  MeasureTheory.IntegrableOn
    (fun t =>
      Robin1984.nicolasThetaError t *
        (PrimeFactorOscillations.nicolasTiltedKernel z t - z * Robin1984.nicolasTailKernel t))
    (Set.Ioi x) MeasureTheory.volume
'PrimeFactorOscillations.integrableOn_nicolasTiltedIntegral_error' depends on axioms: [propext,
 Classical.choice,
 Quot.sound]
PrimeFactorOscillations.integrableOn_nicolasTiltedIntegral {z x : ℝ} (hz : 0 ≤ z) (hx : 3 ≤ x) :
  MeasureTheory.IntegrableOn (fun t => Robin1984.nicolasThetaError t * PrimeFactorOscillations.nicolasTiltedKernel z t)
    (Set.Ioi x) MeasureTheory.volume
'PrimeFactorOscillations.integrableOn_nicolasTiltedIntegral' depends on axioms: [propext, Classical.choice, Quot.sound]
PrimeFactorOscillations.nicolasTiltedIntegral_sub_mul_K {z x : ℝ} (hz : 0 ≤ z) (hx : 3 ≤ x) :
  PrimeFactorOscillations.nicolasTiltedIntegral z x - z * Robin1984.nicolasK x =
    ∫ (t : ℝ) in Set.Ioi x,
      Robin1984.nicolasThetaError t *
        (PrimeFactorOscillations.nicolasTiltedKernel z t - z * Robin1984.nicolasTailKernel t)
'PrimeFactorOscillations.nicolasTiltedIntegral_sub_mul_K' depends on axioms: [propext, Classical.choice, Quot.sound]
PrimeFactorOscillations.nicolasTiltedIntegral_error {z x : ℝ} (hz : 0 ≤ z) (hx : 3 ≤ x) :
  |PrimeFactorOscillations.nicolasTiltedIntegral z x - z * Robin1984.nicolasK x| ≤
    PrimeFactorOscillations.nicolasTiltedIntegralErrorConstant z / (x * Real.log x)
'PrimeFactorOscillations.nicolasTiltedIntegral_error' depends on axioms: [propext, Classical.choice, Quot.sound]
PrimeFactorOscillations.eventually_nicolasTiltedIntegral_neg_of_RH (hRH : RiemannHypothesis) (z : ℝ) (hz : 0 < z) :
  ∀ᶠ (x : ℝ) in Filter.atTop, PrimeFactorOscillations.nicolasTiltedIntegral z x < 0
'PrimeFactorOscillations.eventually_nicolasTiltedIntegral_neg_of_RH' depends on axioms: [propext,
 Classical.choice,
 Quot.sound]
PrimeFactorOscillations.riemannHypothesis_iff_eventually_nicolasTiltedIntegral_neg (z : ℝ) (hz : 0 < z) :
  RiemannHypothesis ↔ ∀ᶠ (x : ℝ) in Filter.atTop, PrimeFactorOscillations.nicolasTiltedIntegral z x < 0
'PrimeFactorOscillations.riemannHypothesis_iff_eventually_nicolasTiltedIntegral_neg' depends on axioms: [propext,
 Classical.choice,
 Quot.sound]
PrimeFactorOscillations.publicTiltedIntegralCriterion (z : ℝ) (hz : 0 < z) :
  have I := fun x =>
    ∫ (t : ℝ) in Set.Ioi x,
      (Chebyshev.theta t - t) *
        (z / ((t - 1) * (t - 1 + z) * Real.log t) + Real.log (1 + z / (t - 1)) / (t * Real.log t ^ 2));
  (∀ (x : ℝ), 3 ≤ x → |I x - z * Robin1984.nicolasK x| ≤ (Real.log 4 + 5) * 14 * (z + z ^ 2) / (x * Real.log x)) ∧
    (RiemannHypothesis ↔ ∀ᶠ (x : ℝ) in Filter.atTop, I x < 0)
'PrimeFactorOscillations.publicTiltedIntegralCriterion' depends on axioms: [propext, Classical.choice, Quot.sound]
PrimeFactorOscillations.nicolasTiltedIntegral_wave_normalized_error (hRH : RiemannHypothesis) {z x : ℝ} (hz : 0 ≤ z)
  (hx : 4 ≤ x) (hlog : 1 ≤ Real.log x) :
  |PrimeFactorOscillations.nicolasTiltedIntegral z x * (x ^ (1 / 2) * Real.log x) +
        z * (2 + PrimeFactorOscillations.nicolasZeroWave x)| ≤
    PrimeFactorOscillations.nicolasTiltedIntegralErrorConstant z * x ^ (-(1 / 2)) +
      z * PrimeFactorOscillations.nicolasThetaWaveErrorConstant / Real.log x
'PrimeFactorOscillations.nicolasTiltedIntegral_wave_normalized_error' depends on axioms: [propext,
 Classical.choice,
 Quot.sound]
PrimeFactorOscillations.tendsto_nicolasTiltedIntegral_wave_error (hRH : RiemannHypothesis) (z : ℝ) (hz : 0 ≤ z) :
  Filter.Tendsto
    (fun x =>
      PrimeFactorOscillations.nicolasTiltedIntegral z x * (x ^ (1 / 2) * Real.log x) +
        z * (2 + PrimeFactorOscillations.nicolasZeroWave x))
    Filter.atTop (nhds 0)
'PrimeFactorOscillations.tendsto_nicolasTiltedIntegral_wave_error' depends on axioms: [propext,
 Classical.choice,
 Quot.sound]
PrimeFactorOscillations.publicTiltedIntegralSpectralExpansion (hRH : RiemannHypothesis) (z : ℝ) (hz : 0 ≤ z) :
  (∀ (x : ℝ),
      4 ≤ x →
        1 ≤ Real.log x →
          |PrimeFactorOscillations.nicolasTiltedIntegral z x * (x ^ (1 / 2) * Real.log x) +
                z * (2 + PrimeFactorOscillations.nicolasZeroWave x)| ≤
            PrimeFactorOscillations.nicolasTiltedIntegralErrorConstant z * x ^ (-(1 / 2)) +
              z * PrimeFactorOscillations.nicolasThetaWaveErrorConstant / Real.log x) ∧
    Filter.Tendsto
      (fun x =>
        PrimeFactorOscillations.nicolasTiltedIntegral z x * (x ^ (1 / 2) * Real.log x) +
          z * (2 + PrimeFactorOscillations.nicolasZeroWave x))
      Filter.atTop (nhds 0)
'PrimeFactorOscillations.publicTiltedIntegralSpectralExpansion' depends on axioms: [propext,
 Classical.choice,
 Quot.sound]
PrimeFactorOscillations.nicolasPsi_isEquivalent_id : Asymptotics.IsEquivalent Filter.atTop Chebyshev.psi fun x => x
'PrimeFactorOscillations.nicolasPsi_isEquivalent_id' depends on axioms: [propext, Classical.choice, Quot.sound]
PrimeFactorOscillations.tendsto_nicolasPsi_ratio : Filter.Tendsto (fun x => Chebyshev.psi x / x) Filter.atTop (nhds 1)
'PrimeFactorOscillations.tendsto_nicolasPsi_ratio' depends on axioms: [propext, Classical.choice, Quot.sound]
PrimeFactorOscillations.tendsto_nicolasHalfKernel_scaled :
  Filter.Tendsto (fun x => (Robin1984.robinZeroKernel 1 (1 / 2) x).re * (x ^ (1 / 2) * Real.log x)) Filter.atTop
    (nhds 2)
'PrimeFactorOscillations.tendsto_nicolasHalfKernel_scaled' depends on axioms: [propext, Classical.choice, Quot.sound]
PrimeFactorOscillations.eventually_nicolasPsiSquareTail_relative_error (epsilon : ℝ) (hEpsilon : 0 < epsilon) :
  ∀ᶠ (x : ℝ) in Filter.atTop,
    |PrimeFactorOscillations.nicolasPsiRootTail 2 x - (Robin1984.robinZeroKernel 1 (1 / 2) x).re| ≤
      epsilon * (Robin1984.robinZeroKernel 1 (1 / 2) x).re
'PrimeFactorOscillations.eventually_nicolasPsiSquareTail_relative_error' depends on axioms: [propext,
 Classical.choice,
 Quot.sound]
PrimeFactorOscillations.tendsto_nicolasPsiSquareTail_scaled :
  Filter.Tendsto (fun x => PrimeFactorOscillations.nicolasPsiRootTail 2 x * (x ^ (1 / 2) * Real.log x)) Filter.atTop
    (nhds 2)
'PrimeFactorOscillations.tendsto_nicolasPsiSquareTail_scaled' depends on axioms: [propext, Classical.choice, Quot.sound]
PrimeFactorOscillations.tendsto_nicolasPrimePowerTail_sub_square_scaled :
  Filter.Tendsto
    (fun x =>
      (Robin1984.nicolasPrimePowerTail x - PrimeFactorOscillations.nicolasPsiRootTail 2 x) * (x ^ (1 / 2) * Real.log x))
    Filter.atTop (nhds 0)
'PrimeFactorOscillations.tendsto_nicolasPrimePowerTail_sub_square_scaled' depends on axioms: [propext,
 Classical.choice,
 Quot.sound]
PrimeFactorOscillations.tendsto_nicolasPrimePowerTail_scaled :
  Filter.Tendsto (fun x => Robin1984.nicolasPrimePowerTail x * (x ^ (1 / 2) * Real.log x)) Filter.atTop (nhds 2)
'PrimeFactorOscillations.tendsto_nicolasPrimePowerTail_scaled' depends on axioms: [propext,
 Classical.choice,
 Quot.sound]
PrimeFactorOscillations.publicPrimePowerTailAsymptotic :
  Filter.Tendsto
    (fun x =>
      (∫ (t : ℝ) in Set.Ioi x,
          (Chebyshev.psi t - Chebyshev.theta t) * ((1 / Real.log t + 1 / Real.log t ^ 2) / t ^ 2)) *
        (x ^ (1 / 2) * Real.log x))
    Filter.atTop (nhds 2)
'PrimeFactorOscillations.publicPrimePowerTailAsymptotic' depends on axioms: [propext, Classical.choice, Quot.sound]
PrimeFactorOscillations.nicolasJ_omegaMinus_of_zero_at_exponent {rho : ℂ} (hZero : riemannZeta rho = 0)
  (hHalf : 1 / 2 < rho.re) (hOne : rho.re < 1) {b : ℝ} (hLower : 1 - rho.re < b) (hbHalf : b ≤ 1 / 2) :
  Robin1984.AtTopOmegaMinus Robin1984.nicolasJ fun x => x ^ (-b)
'PrimeFactorOscillations.nicolasJ_omegaMinus_of_zero_at_exponent' depends on axioms: [propext,
 Classical.choice,
 Quot.sound]
PrimeFactorOscillations.nicolasJ_arbitrary_negative_excursions_of_zero {rho : ℂ} (hZero : riemannZeta rho = 0)
  (hHalf : 1 / 2 < rho.re) (hOne : rho.re < 1) {b : ℝ} (hLower : 1 - rho.re < b) (hbHalf : b ≤ 1 / 2) (X A : ℝ) :
  ∃ x, max X 3 < x ∧ A * x ^ (-b) < -Robin1984.nicolasJ x
'PrimeFactorOscillations.nicolasJ_arbitrary_negative_excursions_of_zero' depends on axioms: [propext,
 Classical.choice,
 Quot.sound]
PrimeFactorOscillations.nicolasK_two_sided_power_excursions_of_zero {rho : ℂ} (hZero : riemannZeta rho = 0)
  (hHalf : 1 / 2 < rho.re) (hOne : rho.re < 1) {b : ℝ} (hLower : 1 - rho.re < b) (hbHalf : b ≤ 1 / 2) (X A : ℝ) :
  (∃ x, max X 3 < x ∧ A * x ^ (-b) < Robin1984.nicolasK x) ∧ ∃ x, max X 3 < x ∧ A * x ^ (-b) < -Robin1984.nicolasK x
'PrimeFactorOscillations.nicolasK_two_sided_power_excursions_of_zero' depends on axioms: [propext,
 Classical.choice,
 Quot.sound]
PrimeFactorOscillations.nicolasTiltedIntegral_two_sided_power_excursions_of_zero {rho : ℂ} (hZero : riemannZeta rho = 0)
  (hHalf : 1 / 2 < rho.re) (hOne : rho.re < 1) {b : ℝ} (hLower : 1 - rho.re < b) (hbHalf : b ≤ 1 / 2) (z : ℝ)
  (hz : 0 < z) (X A : ℝ) :
  (∃ x, max X 3 < x ∧ A * x ^ (-b) < PrimeFactorOscillations.nicolasTiltedIntegral z x) ∧
    ∃ x, max X 3 < x ∧ A * x ^ (-b) < -PrimeFactorOscillations.nicolasTiltedIntegral z x
'PrimeFactorOscillations.nicolasTiltedIntegral_two_sided_power_excursions_of_zero' depends on axioms: [propext,
 Classical.choice,
 Quot.sound]
PrimeFactorOscillations.publicZeroDependentIntegralExcursions (rho : ℂ) (hZero : riemannZeta rho = 0)
  (hHalf : 1 / 2 < rho.re) (hOne : rho.re < 1) (b : ℝ) (hLower : 1 - rho.re < b) (hbHalf : b ≤ 1 / 2) (z : ℝ)
  (hz : 0 < z) (X A : ℝ) :
  (∃ x, max X 3 < x ∧ A * x ^ (-b) < Robin1984.nicolasJ x) ∧
    (∃ x, max X 3 < x ∧ A * x ^ (-b) < -Robin1984.nicolasJ x) ∧
      (∃ x, max X 3 < x ∧ A * x ^ (-b) < Robin1984.nicolasK x) ∧
        (∃ x, max X 3 < x ∧ A * x ^ (-b) < -Robin1984.nicolasK x) ∧
          (∃ x, max X 3 < x ∧ A * x ^ (-b) < PrimeFactorOscillations.nicolasTiltedIntegral z x) ∧
            ∃ x, max X 3 < x ∧ A * x ^ (-b) < -PrimeFactorOscillations.nicolasTiltedIntegral z x
'PrimeFactorOscillations.publicZeroDependentIntegralExcursions' depends on axioms: [propext,
 Classical.choice,
 Quot.sound]
PrimeFactorOscillations.publicFalseRHWeightedIntegralExcursions (hNotRH : ¬RiemannHypothesis) :
  ∃ b,
    0 < b ∧
      b < 1 / 2 ∧
        ∀ (z : ℝ),
          0 < z →
            ∀ (X A : ℝ),
              (∃ x, max X 3 < x ∧ A * x ^ (-b) < PrimeFactorOscillations.nicolasTiltedIntegral z x) ∧
                ∃ x, max X 3 < x ∧ A * x ^ (-b) < -PrimeFactorOscillations.nicolasTiltedIntegral z x
'PrimeFactorOscillations.publicFalseRHWeightedIntegralExcursions' depends on axioms: [propext,
 Classical.choice,
 Quot.sound]
Chebyshev.sum_prime_reciprocal_sq_eq_theta_div_add_integral {x : ℝ} (hx : 2 ≤ x) :
  ∑ p ∈ Finset.Icc 0 ⌊x⌋₊ with Nat.Prime p, 1 / ↑p ^ 2 =
    Chebyshev.theta x / (x ^ 2 * Real.log x) +
      ∫ (t : ℝ) in 2..x, Chebyshev.theta t * (1 + 2 * Real.log t) / (t ^ 3 * Real.log t ^ 2)
'Chebyshev.sum_prime_reciprocal_sq_eq_theta_div_add_integral' depends on axioms: [propext, Classical.choice, Quot.sound]
Chebyshev.theta_error_abs_le_of_nat_window (n : ℕ) (hn : 3 ≤ n) (h t : ℝ) (hLog : 1 ≤ Real.log ↑n)
  (hE : 0 ≤ Chebyshev.theta ↑n - ↑n) (hh : 0 ≤ h) (hhN : h ≤ ↑n) (htLower : ↑n ≤ t) (htUpper : t ≤ ↑n + h) :
  |Chebyshev.theta t - t| ≤ Chebyshev.theta ↑n - ↑n + 3 * h * Real.log ↑n
'Chebyshev.theta_error_abs_le_of_nat_window' depends on axioms: [propext, Classical.choice, Quot.sound]
Chebyshev.theta_nat_add_sub_le_mul_log (n d : ℕ) (T : ℝ) (hT : ↑(n + d) ≤ T) :
  Chebyshev.theta ↑(n + d) - Chebyshev.theta ↑n ≤ ↑d * Real.log T
'Chebyshev.theta_nat_add_sub_le_mul_log' depends on axioms: [propext, Classical.choice, Quot.sound]
Chebyshev.theta_sub_nat_le_interval_log (n : ℕ) (hn : 1 ≤ n) (t : ℝ) (hnt : ↑n ≤ t) :
  Chebyshev.theta t - Chebyshev.theta ↑n ≤ (t - ↑n) * Real.log t
'Chebyshev.theta_sub_nat_le_interval_log' depends on axioms: [propext, Classical.choice, Quot.sound]
Multiset.esymm_cross_le_rat (s : Multiset ℚ) (hs : ∀ a ∈ s, 0 ≤ a) (i j : ℕ) (hij : i ≤ j) :
  s.esymm i * s.esymm (j + 1) ≤ s.esymm (i + 1) * s.esymm j
'Multiset.esymm_cross_le_rat' depends on axioms: [propext, Classical.choice, Quot.sound]
Multiset.esymm_ratio_cons_le_rat (s : Multiset ℚ) (hs : ∀ a ∈ s, 0 ≤ a) (a : ℚ) (ha : 0 ≤ a) (r : ℕ) (hr : 1 ≤ r)
  (hden : 0 < s.esymm r) : (a ::ₘ s).esymm (r - 1) / (a ::ₘ s).esymm r ≤ s.esymm (r - 1) / s.esymm r
'Multiset.esymm_ratio_cons_le_rat' depends on axioms: [propext, Classical.choice, Quot.sound]
Nat.separated_gap_pairs_of_three_windows (f : ℕ → ℕ) (hprime : ∀ (i : ℕ), Nat.Prime (f i)) (hf : StrictMono f)
  (X h L m : ℕ) (hspace : L.factorial + 2 ≤ h) (u v a : Fin m → ℕ)
  (hleft : ∀ (i : Fin m), X + 10 * h * ↑i ≤ f (u i) ∧ f (u i) ≤ X + 10 * h * ↑i + h)
  (hmiddle : ∀ (i : Fin m), X + 10 * h * ↑i + 3 * h ≤ f (v i) ∧ f (v i) ≤ X + 10 * h * ↑i + 4 * h)
  (hright : ∀ (i : Fin m), X + 10 * h * ↑i + 6 * h ≤ f (a i) ∧ f (a i + 1) ≤ X + 10 * h * ↑i + 7 * h) :
  ∃ d,
    (∀ (i : Fin m),
        d i < a i ∧ f (d i) + L ≤ f (d i + 1) ∧ X + 10 * h * ↑i ≤ f (d i) ∧ f (d i + 1) ≤ X + 10 * h * ↑i + 4 * h) ∧
      ∀ (i j : Fin m), i < j → a i + 1 < d j
'Nat.separated_gap_pairs_of_three_windows' depends on axioms: [propext, Classical.choice, Quot.sound]
PrimeFactorOscillations.allShortIntervalPairs_rh_iff_local_count (H : ℕ)
  (hSource : PrimeFactorOscillations.AllShortIntervalPairs H) :
  RiemannHypothesis ↔
    ∀ᶠ (X : ℕ) in Filter.atTop,
      PrimeFactorOscillations.localReversalCount H PrimeFactorOscillations.localCellNumber
          (PrimeFactorOscillations.selectedCellDescent H) (PrimeFactorOscillations.selectedCellAscent H) X ≤
        PrimeFactorOscillations.localReferenceCount H PrimeFactorOscillations.localCellNumber
          (PrimeFactorOscillations.selectedCellAscent H) X
'PrimeFactorOscillations.allShortIntervalPairs_rh_iff_local_count' depends on axioms: [propext,
 Classical.choice,
 Quot.sound]
PrimeFactorOscillations.allShortIntervalPairs_rh_iff_local_count_power (H : ℕ)
  (hSource : PrimeFactorOscillations.AllShortIntervalPairs H) :
  RiemannHypothesis ↔
    ∃ C,
      0 < C ∧
        ∀ᶠ (X : ℕ) in Filter.atTop,
          ↑(PrimeFactorOscillations.localReversalCount H PrimeFactorOscillations.localCellNumber
                  (PrimeFactorOscillations.selectedCellDescent H) (PrimeFactorOscillations.selectedCellAscent H) X) -
              ↑(PrimeFactorOscillations.localReferenceCount H PrimeFactorOscillations.localCellNumber
                  (PrimeFactorOscillations.selectedCellAscent H) X) ≤
            C * ↑X ^ (1 / 10)
'PrimeFactorOscillations.allShortIntervalPairs_rh_iff_local_count_power' depends on axioms: [propext,
 Classical.choice,
 Quot.sound]
PrimeFactorOscillations.ascent_inclusion_does_not_preserve_reversal_count :
  ∃ f g,
    (∀ (i : ℕ), f i < f (i + 1) → g i < g (i + 1)) ∧
      PrimeFactorOscillations.HasAtLeastReversals f 2 ∧ ¬PrimeFactorOscillations.HasAtLeastReversals g 2
'PrimeFactorOscillations.ascent_inclusion_does_not_preserve_reversal_count' depends on axioms: [propext,
 Classical.choice,
 Quot.sound]
PrimeFactorOscillations.both_last_ascent_identification_of_dyadic_twins
  (hcoverage : PrimeFactorOscillations.DyadicTwinCoverage) :
  ∃ K,
    4 ≤ K ∧
      ∀ (k : ℕ),
        K ≤ k →
          IsGreatest
              {i | PrimeFactorOscillations.ordinaryDensity k i < PrimeFactorOscillations.ordinaryDensity k (i + 1)}
              (PrimeFactorOscillations.lastTwinIndex (PrimeFactorOscillations.ordinaryTwinCutoffIndex k)) ∧
            IsGreatest
              {i | PrimeFactorOscillations.genericOddDensity k i < PrimeFactorOscillations.genericOddDensity k (i + 1)}
              (PrimeFactorOscillations.lastTwinIndex (PrimeFactorOscillations.genericTwinCutoffIndex k))
'PrimeFactorOscillations.both_last_ascent_identification_of_dyadic_twins' depends on axioms: [propext,
 Classical.choice,
 Quot.sound]
PrimeFactorOscillations.both_last_ascent_ratio_tendsto_one
  (hcoverage : PrimeFactorOscillations.MultiplicativeTwinCoverage) :
  Filter.Tendsto
      (fun k =>
        ↑(PrimeFactorOscillations.lastAscentPrime (PrimeFactorOscillations.ordinaryDensity k)) /
          ↑(PrimeFactorUnimodality.primeAt (PrimeFactorOscillations.ordinaryTwinCutoffIndex k)))
      Filter.atTop (nhds 1) ∧
    Filter.Tendsto
      (fun k =>
        ↑(PrimeFactorOscillations.lastAscentPrime (PrimeFactorOscillations.genericOddDensity k)) /
          ↑(PrimeFactorUnimodality.primeAt (PrimeFactorOscillations.genericTwinCutoffIndex k)))
      Filter.atTop (nhds 1)
'PrimeFactorOscillations.both_last_ascent_ratio_tendsto_one' depends on axioms: [propext, Classical.choice, Quot.sound]
PrimeFactorOscillations.both_last_ascent_ratio_tendsto_one_of_twinCountAsymptotic (C : ℝ) (hC : 0 < C)
  (hasymptotic : PrimeFactorOscillations.TwinCountAsymptotic C) :
  Filter.Tendsto
      (fun k =>
        ↑(PrimeFactorOscillations.lastAscentPrime (PrimeFactorOscillations.ordinaryDensity k)) /
          ↑(PrimeFactorUnimodality.primeAt (PrimeFactorOscillations.ordinaryTwinCutoffIndex k)))
      Filter.atTop (nhds 1) ∧
    Filter.Tendsto
      (fun k =>
        ↑(PrimeFactorOscillations.lastAscentPrime (PrimeFactorOscillations.genericOddDensity k)) /
          ↑(PrimeFactorUnimodality.primeAt (PrimeFactorOscillations.genericTwinCutoffIndex k)))
      Filter.atTop (nhds 1)
'PrimeFactorOscillations.both_last_ascent_ratio_tendsto_one_of_twinCountAsymptotic' depends on axioms: [propext,
 Classical.choice,
 Quot.sound]
PrimeFactorOscillations.both_last_ascent_relative_location_of_multiplicative_twins
  (hcoverage : PrimeFactorOscillations.MultiplicativeTwinCoverage) (eps : ℝ) (heps : 0 < eps) (heps1 : eps < 1) :
  ∃ K,
    4 ≤ K ∧
      ∀ (k : ℕ),
        K ≤ k →
          ((1 - eps) * ↑(PrimeFactorUnimodality.primeAt (PrimeFactorOscillations.ordinaryTwinCutoffIndex k)) <
                ↑(PrimeFactorOscillations.lastAscentPrime (PrimeFactorOscillations.ordinaryDensity k)) ∧
              PrimeFactorOscillations.lastAscentPrime (PrimeFactorOscillations.ordinaryDensity k) ≤
                PrimeFactorUnimodality.primeAt (PrimeFactorOscillations.ordinaryTwinCutoffIndex k)) ∧
            (1 - eps) * ↑(PrimeFactorUnimodality.primeAt (PrimeFactorOscillations.genericTwinCutoffIndex k)) <
                ↑(PrimeFactorOscillations.lastAscentPrime (PrimeFactorOscillations.genericOddDensity k)) ∧
              PrimeFactorOscillations.lastAscentPrime (PrimeFactorOscillations.genericOddDensity k) ≤
                PrimeFactorUnimodality.primeAt (PrimeFactorOscillations.genericTwinCutoffIndex k)
'PrimeFactorOscillations.both_last_ascent_relative_location_of_multiplicative_twins' depends on axioms: [propext,
 Classical.choice,
 Quot.sound]
PrimeFactorOscillations.both_last_ascents_are_last_twins_of_late_anchor (b : ℝ) (hb : 1 / 5 < b) :
  ∃ K Q,
    4 ≤ K ∧
      3 ≤ Q ∧
        ∀ (k : ℕ),
          K ≤ k →
            ∀ (t : ℕ),
              Q ≤ PrimeFactorUnimodality.primeAt t →
                b * ↑k ≤ Real.log (Real.log ↑(PrimeFactorUnimodality.primeAt t - 1)) →
                  PrimeFactorOscillations.IsTwinStep t →
                    PrimeFactorOscillations.ordinaryTwinPotential k t →
                      PrimeFactorOscillations.genericTwinPotential k t →
                        IsGreatest
                            {i |
                              PrimeFactorOscillations.ordinaryDensity k i <
                                PrimeFactorOscillations.ordinaryDensity k (i + 1)}
                            (PrimeFactorOscillations.lastTwinIndex
                              (PrimeFactorOscillations.ordinaryTwinCutoffIndex k)) ∧
                          IsGreatest
                            {i |
                              PrimeFactorOscillations.genericOddDensity k i <
                                PrimeFactorOscillations.genericOddDensity k (i + 1)}
                            (PrimeFactorOscillations.lastTwinIndex (PrimeFactorOscillations.genericTwinCutoffIndex k))
'PrimeFactorOscillations.both_last_ascents_are_last_twins_of_late_anchor' depends on axioms: [propext,
 Classical.choice,
 Quot.sound]
PrimeFactorOscillations.both_twin_cutoff_eventually_spec :
  ∃ K,
    4 ≤ K ∧
      ∀ (k : ℕ),
        K ≤ k →
          (PrimeFactorOscillations.ordinaryTwinPotential k (PrimeFactorOscillations.ordinaryTwinCutoffIndex k) ∧
              ∀ (i : ℕ),
                PrimeFactorOscillations.ordinaryTwinPotential k i →
                  i ≤ PrimeFactorOscillations.ordinaryTwinCutoffIndex k) ∧
            PrimeFactorOscillations.genericTwinPotential k (PrimeFactorOscillations.genericTwinCutoffIndex k) ∧
              ∀ (i : ℕ),
                PrimeFactorOscillations.genericTwinPotential k i → i ≤ PrimeFactorOscillations.genericTwinCutoffIndex k
'PrimeFactorOscillations.both_twin_cutoff_eventually_spec' depends on axioms: [propext, Classical.choice, Quot.sound]
PrimeFactorOscillations.both_twin_cutoffs_eventually_large (b : ℝ) (hb : 0 < b) (hb3 : b < 1 / 3) :
  ∃ K,
    4 ≤ K ∧
      ∀ (k : ℕ),
        K ≤ k →
          Real.exp (Real.exp (b * ↑k)) ≤
              ↑(PrimeFactorUnimodality.primeAt (PrimeFactorOscillations.ordinaryTwinCutoffIndex k)) ∧
            Real.exp (Real.exp (b * ↑k)) ≤
              ↑(PrimeFactorUnimodality.primeAt (PrimeFactorOscillations.genericTwinCutoffIndex k))
'PrimeFactorOscillations.both_twin_cutoffs_eventually_large' depends on axioms: [propext, Classical.choice, Quot.sound]
PrimeFactorOscillations.both_twin_potential_eventually_bddAbove :
  ∃ K,
    2 ≤ K ∧
      ∀ (k : ℕ),
        K ≤ k →
          BddAbove {i | PrimeFactorOscillations.ordinaryTwinPotential k i} ∧
            BddAbove {i | PrimeFactorOscillations.genericTwinPotential k i}
'PrimeFactorOscillations.both_twin_potential_eventually_bddAbove' depends on axioms: [propext,
 Classical.choice,
 Quot.sound]
PrimeFactorOscillations.both_twin_potential_excluded_above_scale (b : ℝ) (hb : 1 / 3 < b) :
  ∃ K Q,
    2 ≤ K ∧
      3 ≤ Q ∧
        ∀ (k : ℕ),
          K ≤ k →
            ∀ (i : ℕ),
              Q ≤ PrimeFactorUnimodality.primeAt i →
                b * ↑k ≤ Real.log (Real.log ↑(PrimeFactorUnimodality.primeAt i - 1)) →
                  ¬PrimeFactorOscillations.ordinaryTwinPotential k i ∧ ¬PrimeFactorOscillations.genericTwinPotential k i
'PrimeFactorOscillations.both_twin_potential_excluded_above_scale' depends on axioms: [propext,
 Classical.choice,
 Quot.sound]
PrimeFactorOscillations.both_twin_potential_on_window (b : ℝ) (hb : 0 < b) (hb3 : b < 1 / 3) :
  ∃ K,
    4 ≤ K ∧
      ∀ (k : ℕ),
        K ≤ k →
          8 ≤ b * ↑k ∧
            ∀ (i : ℕ),
              ⌈Real.exp (Real.exp (b * ↑k))⌉₊ ≤ PrimeFactorUnimodality.primeAt i →
                PrimeFactorUnimodality.primeAt i ≤ 4 * ⌈Real.exp (Real.exp (b * ↑k))⌉₊ →
                  PrimeFactorOscillations.ordinaryTwinPotential k i ∧ PrimeFactorOscillations.genericTwinPotential k i
'PrimeFactorOscillations.both_twin_potential_on_window' depends on axioms: [propext, Classical.choice, Quot.sound]
PrimeFactorOscillations.both_twin_potential_seed (b : ℝ) (hb : 0 < b) (hb3 : b < 1 / 3) :
  ∃ K,
    4 ≤ K ∧
      ∀ (k : ℕ),
        K ≤ k →
          ∃ i,
            ⌈Real.exp (Real.exp (b * ↑k))⌉₊ ≤ PrimeFactorUnimodality.primeAt i ∧
              PrimeFactorUnimodality.primeAt i ≤ 2 * ⌈Real.exp (Real.exp (b * ↑k))⌉₊ ∧
                PrimeFactorOscillations.ordinaryTwinPotential k i ∧ PrimeFactorOscillations.genericTwinPotential k i
'PrimeFactorOscillations.both_twin_potential_seed' depends on axioms: [propext, Classical.choice, Quot.sound]
PrimeFactorOscillations.coarseFrequencyModel_density_zero (a : ℝ) (ha : 0 < a) (ha1 : a < 1) :
  Filter.Tendsto (fun x => PrimeFactorOscillations.coarseFrequencyModel a x / x) Filter.atTop (nhds 0)
'PrimeFactorOscillations.coarseFrequencyModel_density_zero' depends on axioms: [propext, Classical.choice, Quot.sound]
PrimeFactorOscillations.coarseFrequencyModel_gauge_limit (a : ℝ) (ha : 0 < a) :
  Filter.Tendsto
    (fun x => Real.log (Real.log (3 + PrimeFactorOscillations.coarseFrequencyModel a x)) / Real.log (Real.log x))
    Filter.atTop (nhds 1)
'PrimeFactorOscillations.coarseFrequencyModel_gauge_limit' depends on axioms: [propext, Classical.choice, Quot.sound]
PrimeFactorOscillations.dyadicTwinCoverage_of_multiplicative
  (hcoverage : PrimeFactorOscillations.MultiplicativeTwinCoverage) : PrimeFactorOscillations.DyadicTwinCoverage
'PrimeFactorOscillations.dyadicTwinCoverage_of_multiplicative' depends on axioms: [propext,
 Classical.choice,
 Quot.sound]
PrimeFactorOscillations.eventually_count_increases_of_liTwo_error (G : ℝ → ℝ) (c : ℝ) (hc : 0 < c)
  (hError :
    (fun x => G x - c * PrimeFactorOscillations.logarithmicIntegralTwo x) =o[Filter.atTop]
      PrimeFactorOscillations.gapCoverageErrorScale) :
  ∀ᶠ (x : ℝ) in Filter.atTop, G x < G (x + PrimeFactorOscillations.gapCoverageLength x)
'PrimeFactorOscillations.eventually_count_increases_of_liTwo_error' depends on axioms: [propext,
 Classical.choice,
 Quot.sound]
PrimeFactorOscillations.eventually_exact_gap_before_of_coverage (H : ℕ)
  (hCoverage :
    ∀ᶠ (x : ℝ) in Filter.atTop,
      ∃ i,
        x < ↑(PrimeFactorUnimodality.primeAt i) ∧
          ↑(PrimeFactorUnimodality.primeAt i) ≤ x + PrimeFactorOscillations.gapCoverageLength x ∧
            PrimeFactorUnimodality.primeGap i = H) :
  ∀ᶠ (x : ℝ) in Filter.atTop,
    ∃ i,
      x - 2 * PrimeFactorOscillations.gapCoverageLength x < ↑(PrimeFactorUnimodality.primeAt i) ∧
        ↑(PrimeFactorUnimodality.primeAt i) ≤ x ∧ PrimeFactorUnimodality.primeGap i = H
'PrimeFactorOscillations.eventually_exact_gap_before_of_coverage' depends on axioms: [propext,
 Classical.choice,
 Quot.sound]
PrimeFactorOscillations.eventually_exact_gap_coverage_of_liTwo_error (h : ℕ) (c : ℝ) (hc : 0 < c)
  (hError :
    (fun x =>
        PrimeFactorOscillations.exactPrimeGapCount h x -
          c * PrimeFactorOscillations.logarithmicIntegralTwo x) =o[Filter.atTop]
      PrimeFactorOscillations.gapCoverageErrorScale) :
  ∀ᶠ (x : ℝ) in Filter.atTop,
    ∃ i,
      x < ↑(PrimeFactorUnimodality.primeAt i) ∧
        ↑(PrimeFactorUnimodality.primeAt i) ≤ x + PrimeFactorOscillations.gapCoverageLength x ∧
          PrimeFactorUnimodality.primeGap i = h
'PrimeFactorOscillations.eventually_exact_gap_coverage_of_liTwo_error' depends on axioms: [propext,
 Classical.choice,
 Quot.sound]
PrimeFactorOscillations.eventually_gapCoverageLength_bounds :
  ∀ᶠ (x : ℝ) in Filter.atTop,
    0 < PrimeFactorOscillations.gapCoverageLength x ∧ PrimeFactorOscillations.gapCoverageLength x ≤ x
'PrimeFactorOscillations.eventually_gapCoverageLength_bounds' depends on axioms: [propext, Classical.choice, Quot.sound]
PrimeFactorOscillations.eventually_gap_cutoff_logSum_bounds (H : ℕ) (hH : 2 ≤ H) (b : ℝ) (hb : 0 < b)
  (hm : (↑H + 1) * (2 * b) < 1) :
  ∀ᶠ (k : ℕ) in Filter.atTop,
    ∀ (j : ℕ),
      j = PrimeFactorOscillations.ordinaryGapCutoffIndex H k ∨
          j = PrimeFactorOscillations.ordinaryGapCutoffIndex H k + 1 →
        b / 2 * ↑k ≤ PrimeFactorOscillations.primePrefixLogSum (PrimeFactorUnimodality.primeAt j - 1) ∧
          PrimeFactorOscillations.primePrefixLogSum (PrimeFactorUnimodality.primeAt j - 1) ≤ 3 * ↑k
'PrimeFactorOscillations.eventually_gap_cutoff_logSum_bounds' depends on axioms: [propext, Classical.choice, Quot.sound]
PrimeFactorOscillations.eventually_gap_cutoff_loglog_bounds (H : ℕ) (hH : 2 ≤ H) (b : ℝ) (hb : 0 < b)
  (hm : (↑H + 1) * (2 * b) < 1) :
  ∀ᶠ (k : ℕ) in Filter.atTop,
    b * ↑k ≤
        Real.log (Real.log ↑(PrimeFactorUnimodality.primeAt (PrimeFactorOscillations.ordinaryGapCutoffIndex H k) - 1)) ∧
      Real.log (Real.log ↑(PrimeFactorUnimodality.primeAt (PrimeFactorOscillations.ordinaryGapCutoffIndex H k) - 1)) <
        ↑k
'PrimeFactorOscillations.eventually_gap_cutoff_loglog_bounds' depends on axioms: [propext, Classical.choice, Quot.sound]
PrimeFactorOscillations.eventually_gap_cutoff_reference_clock_bound (H : ℕ) (hH : 2 ≤ H) :
  ∃ M,
    0 < M ∧
      ∀ᶠ (k : ℕ) in Filter.atTop,
        ∀ (u : ℝ),
          0 < u ∧ (↑H + 1) / 2 ≤ ↑(k - 1) / u ∧ ↑(k - 1) / u ≤ 2 * (↑H + 1) →
            Nat.factorialConvolution PrimeFactorOscillations.primeProfileRealCoefficient (k - 1 - 1) u /
                  Nat.factorialConvolution PrimeFactorOscillations.primeProfileRealCoefficient (k - 1) u =
                ↑H + 1 →
              |Real.exp (Real.exp (u - Real.eulerMascheroniConstant)) -
                    PrimeFactorOscillations.nicolasPrimeProductClock
                      ↑(PrimeFactorUnimodality.primeAt (PrimeFactorOscillations.ordinaryGapCutoffIndex H k) - 1)| ≤
                M * Real.log ↑(PrimeFactorUnimodality.primeAt (PrimeFactorOscillations.ordinaryGapCutoffIndex H k) - 1)
'PrimeFactorOscillations.eventually_gap_cutoff_reference_clock_bound' depends on axioms: [propext,
 Classical.choice,
 Quot.sound]
PrimeFactorOscillations.eventually_gap_cutoff_seed_below_half (H : ℕ) (hH : 2 ≤ H) :
  ∀ᶠ (k : ℕ) in Filter.atTop,
    ∃ t,
      2 * PrimeFactorUnimodality.primeAt t ≤
          PrimeFactorUnimodality.primeAt (PrimeFactorOscillations.ordinaryGapCutoffIndex H k) ∧
        PrimeFactorOscillations.ordinaryGapPotential H k t
'PrimeFactorOscillations.eventually_gap_cutoff_seed_below_half' depends on axioms: [propext,
 Classical.choice,
 Quot.sound]
PrimeFactorOscillations.eventually_last_ascent_gap_cutoff_sandwich (H : ℕ) (hH : 2 ≤ H)
  (hMin : ∀ᶠ (i : ℕ) in Filter.atTop, H ≤ PrimeFactorUnimodality.primeGap i)
  (hCoverage :
    ∀ᶠ (x : ℝ) in Filter.atTop,
      ∃ i,
        x < ↑(PrimeFactorUnimodality.primeAt i) ∧
          ↑(PrimeFactorUnimodality.primeAt i) ≤ x + PrimeFactorOscillations.gapCoverageLength x ∧
            PrimeFactorUnimodality.primeGap i = H) :
  ∀ᶠ (k : ℕ) in Filter.atTop,
    IsGreatest {i | PrimeFactorOscillations.ordinaryDensity k i < PrimeFactorOscillations.ordinaryDensity k (i + 1)}
        (sSup {i | PrimeFactorOscillations.ordinaryDensity k i < PrimeFactorOscillations.ordinaryDensity k (i + 1)}) ∧
      ↑(PrimeFactorUnimodality.primeAt (PrimeFactorOscillations.ordinaryGapCutoffIndex H k)) -
            2 *
              PrimeFactorOscillations.gapCoverageLength
                ↑(PrimeFactorUnimodality.primeAt (PrimeFactorOscillations.ordinaryGapCutoffIndex H k)) <
          ↑(PrimeFactorOscillations.lastAscentPrime (PrimeFactorOscillations.ordinaryDensity k)) ∧
        PrimeFactorOscillations.lastAscentPrime (PrimeFactorOscillations.ordinaryDensity k) ≤
          PrimeFactorUnimodality.primeAt (PrimeFactorOscillations.ordinaryGapCutoffIndex H k)
'PrimeFactorOscillations.eventually_last_ascent_gap_cutoff_sandwich' depends on axioms: [propext,
 Classical.choice,
 Quot.sound]
PrimeFactorOscillations.eventually_localAscentWindow_bounds :
  ∀ᶠ (X : ℕ) in Filter.atTop,
    3 ≤ X ∧
      2 * ↑X ^ (7 / 10) ≤ ↑(PrimeFactorOscillations.localAscentWindowWidth X) ∧
        ↑(PrimeFactorOscillations.localAscentWindowWidth X) ≤ ↑X ^ (3 / 4) ∧
          X + 1 + PrimeFactorOscillations.localAscentWindowWidth X ≤ 2 * X ∧
            ↑(X + 1 + PrimeFactorOscillations.localAscentWindowWidth X) ^ (3 / 5) ≤
              ↑(PrimeFactorOscillations.localAscentWindowWidth X)
'PrimeFactorOscillations.eventually_localAscentWindow_bounds' depends on axioms: [propext, Classical.choice, Quot.sound]
PrimeFactorOscillations.eventually_localCell_schedule (H : ℕ) :
  ∀ᶠ (X : ℕ) in Filter.atTop,
    3 ≤ X ∧
      (H + 3).factorial + 2 ≤ PrimeFactorOscillations.localCellWidth X ∧
        1 / 80 * ↑X ^ (1 / 10) ≤ ↑(PrimeFactorOscillations.localCellNumber X) ∧
          ↑(10 * PrimeFactorOscillations.localCellWidth X * PrimeFactorOscillations.localCellNumber X) ≤ ↑X ^ (7 / 10)
'PrimeFactorOscillations.eventually_localCell_schedule' depends on axioms: [propext, Classical.choice, Quot.sound]
PrimeFactorOscillations.eventually_nicolasCriticalWindow_bounds (B b eta : ℝ) (hB : 0 ≤ B) (hb : 0 < b) (he : 0 < eta) :
  ∀ᶠ (x : ℝ) in Filter.atTop,
    6 ≤ x ∧
      0 < PrimeFactorOscillations.nicolasCriticalWindowLength eta b x ∧
        B * x ^ (1 - b) ≤ PrimeFactorOscillations.nicolasCriticalWindowLength eta b x ∧
          4 * PrimeFactorOscillations.nicolasCriticalWindowLength eta b x * Real.log x ≤ x / 2 ∧
            PrimeFactorOscillations.nicolasCriticalWindowLength eta b x ≤ x ∧
              (2 * (4 * PrimeFactorOscillations.nicolasCriticalWindowLength eta b x * Real.log x) *
                      PrimeFactorOscillations.nicolasCriticalWindowLength eta b x +
                    6 * (4 * PrimeFactorOscillations.nicolasCriticalWindowLength eta b x * Real.log x) ^ 2) /
                  (x ^ 2 * Real.log x) ≤
                104 * eta ^ 2 * x ^ (-b)
'PrimeFactorOscillations.eventually_nicolasCriticalWindow_bounds' depends on axioms: [propext,
 Classical.choice,
 Quot.sound]
PrimeFactorOscillations.eventually_nicolasLog_le_moment_wave :
  ∀ᶠ (x : ℝ) in Filter.atTop,
    Robin1984.nicolasLogMertensOscillation x ≤
      (PrimeFactorOscillations.nicolasMomentWave x - 1) / (x ^ (1 / 2) * Real.log x)
'PrimeFactorOscillations.eventually_nicolasLog_le_moment_wave' depends on axioms: [propext,
 Classical.choice,
 Quot.sound]
PrimeFactorOscillations.eventually_nicolasPersistence_small (B b d A : ℝ) (hb : 0 < b) (hd : d < 1 - b / 2)
  (hA : 0 < A) :
  ∀ᶠ (x : ℝ) in Filter.atTop,
    6 ≤ x ∧
      PrimeFactorOscillations.nicolasPersistenceEnvelope B b d x ≤ x / 2 ∧
        PrimeFactorOscillations.nicolasPersistenceLoss B b d x < A * x ^ (-b)
'PrimeFactorOscillations.eventually_nicolasPersistence_small' depends on axioms: [propext, Classical.choice, Quot.sound]
PrimeFactorOscillations.eventually_nicolasPositiveArea_eq_zero_of_RH (hRH : RiemannHypothesis) :
  ∀ᶠ (x : ℝ) in Filter.atTop, PrimeFactorOscillations.nicolasPositiveArea x = 0
'PrimeFactorOscillations.eventually_nicolasPositiveArea_eq_zero_of_RH' depends on axioms: [propext,
 Classical.choice,
 Quot.sound]
PrimeFactorOscillations.eventually_nicolasPositiveArea_of_second_moment (C : ℝ) (_hC : 0 ≤ C)
  (hMoment :
    ∀ᶠ (x : ℝ) in Filter.atTop,
      ∫⁻ (y : ℝ) in Set.Icc x (2 * x), ENNReal.ofReal (Robin1984.nicolasJ y ^ 2) ≤
        ENNReal.ofReal (C / Real.log x ^ 2)) :
  ∀ᶠ (x : ℝ) in Filter.atTop,
    PrimeFactorOscillations.nicolasPositiveArea x ≤ ENNReal.ofReal (8 * C * x ^ (1 / 2) / Real.log x)
'PrimeFactorOscillations.eventually_nicolasPositiveArea_of_second_moment' depends on axioms: [propext,
 Classical.choice,
 Quot.sound]
PrimeFactorOscillations.eventually_prescribedTiltReversalCount_le_reference_of_RH (hRH : RiemannHypothesis) (alpha : ℝ)
  (ha : 0 < alpha) :
  ∀ᶠ (X : ℝ) in Filter.atTop,
    have L := fun y => Real.eulerMascheroniConstant + Real.log (Real.log (Chebyshev.theta y));
    have r := ⌊alpha * L X⌋₊;
    ∀ (H M m : ℕ) (d a : Fin m → ℕ),
      (∀ (i : Fin m),
          X ≤ ↑(PrimeFactorUnimodality.primeAt (a i) - 1) ∧ ↑(PrimeFactorUnimodality.primeAt (a i) - 1) ≤ 2 * X) →
        PrimeFactorOscillations.prescribedTiltReversalCount H M r m d a ≤
          PrimeFactorOscillations.prescribedTiltReferenceCount H M m
            (fun i =>
              Nat.factorialConvolution PrimeFactorOscillations.primeProfileRealCoefficient (r - 1)
                  (L ↑(PrimeFactorUnimodality.primeAt (a i) - 1)) /
                Nat.factorialConvolution PrimeFactorOscillations.primeProfileRealCoefficient r
                  (L ↑(PrimeFactorUnimodality.primeAt (a i) - 1)))
            a
'PrimeFactorOscillations.eventually_prescribedTiltReversalCount_le_reference_of_RH' depends on axioms: [propext,
 Classical.choice,
 Quot.sound]
PrimeFactorOscillations.eventually_primePrefixClock_stability (K : ℝ) (hK : 0 ≤ K) :
  ∃ N0,
    2 ≤ N0 ∧
      ∀ (N : ℕ),
        N0 ≤ N →
          ∀ (u : ℝ),
            |u - PrimeFactorOscillations.primePrefixLogSum N| ≤ K / ↑N →
              |Real.exp (Real.exp (u - Real.eulerMascheroniConstant)) -
                    PrimeFactorOscillations.nicolasPrimeProductClock ↑N| ≤
                36 * K * Real.log ↑N
'PrimeFactorOscillations.eventually_primePrefixClock_stability' depends on axioms: [propext,
 Classical.choice,
 Quot.sound]
PrimeFactorOscillations.eventually_primeProductClock_increment_bound :
  ∃ N0,
    2 ≤ N0 ∧
      ∀ (N M : ℕ),
        N0 ≤ N →
          N ≤ M →
            M ≤ 2 * N →
              0 ≤
                  PrimeFactorOscillations.nicolasPrimeProductClock ↑M -
                    PrimeFactorOscillations.nicolasPrimeProductClock ↑N ∧
                PrimeFactorOscillations.nicolasPrimeProductClock ↑M -
                    PrimeFactorOscillations.nicolasPrimeProductClock ↑N ≤
                  8 * (↑M - ↑N) * Real.log ↑M
'PrimeFactorOscillations.eventually_primeProductClock_increment_bound' depends on axioms: [propext,
 Classical.choice,
 Quot.sound]
PrimeFactorOscillations.eventually_primeProfile_fixed_window_bands (alpha : ℝ) (ha : 0 < alpha) :
  ∀ᶠ (X : ℝ) in Filter.atTop,
    have L := fun y => Real.eulerMascheroniConstant + Real.log (Real.log (Chebyshev.theta y));
    have r := ⌊alpha * L X⌋₊;
    1 ≤ r ∧
      ∀ (y : ℝ),
        X ≤ y →
          y ≤ 2 * X →
            alpha / 3 ≤ ↑r / L y ∧
              ↑r / L y ≤ 2 * alpha ∧
                0 < ↑(PrimeFactorUnimodality.weightEsymm (PrimeFactorUnimodality.primesBelow (⌊y⌋₊ + 1)) r) ∧
                  |Nat.factorialConvolution PrimeFactorOscillations.primeProfileRealCoefficient (r - 1) (L y) /
                            Nat.factorialConvolution PrimeFactorOscillations.primeProfileRealCoefficient r (L y) -
                          alpha| ≤
                      1 / 2 ∧
                    |↑(PrimeFactorUnimodality.densityRatio (PrimeFactorUnimodality.primesBelow (⌊y⌋₊ + 1)) r) - alpha| ≤
                      1 / 2
'PrimeFactorOscillations.eventually_primeProfile_fixed_window_bands' depends on axioms: [propext,
 Classical.choice,
 Quot.sound]
PrimeFactorOscillations.eventually_primeSquareThetaTail_relative_error (epsilon : ℝ) (he : 0 < epsilon) :
  ∀ᶠ (x : ℝ) in Filter.atTop,
    |PrimeFactorOscillations.primeSquareThetaTail x - (Robin1984.robinZeroKernel 2 1 x).re| ≤
      epsilon * (Robin1984.robinZeroKernel 2 1 x).re
'PrimeFactorOscillations.eventually_primeSquareThetaTail_relative_error' depends on axioms: [propext,
 Classical.choice,
 Quot.sound]
PrimeFactorOscillations.eventually_thetaClock_add_one_le_power (e D : ℝ) (he : 0 < e) (hD : 0 < D) :
  ∀ᶠ (x : ℝ) in Filter.atTop, Real.eulerMascheroniConstant + Real.log (Real.log (Chebyshev.theta x)) + 1 ≤ D * x ^ e
'PrimeFactorOscillations.eventually_thetaClock_add_one_le_power' depends on axioms: [propext,
 Classical.choice,
 Quot.sound]
PrimeFactorOscillations.eventually_thetaClock_dyadic_width :
  ∀ᶠ (x : ℝ) in Filter.atTop,
    8 ≤ Chebyshev.theta x ∧
      ∀ (y : ℝ),
        x ≤ y →
          y ≤ 2 * x →
            0 ≤
                Real.eulerMascheroniConstant + Real.log (Real.log (Chebyshev.theta y)) -
                  (Real.eulerMascheroniConstant + Real.log (Real.log (Chebyshev.theta x))) ∧
              Real.eulerMascheroniConstant + Real.log (Real.log (Chebyshev.theta y)) -
                  (Real.eulerMascheroniConstant + Real.log (Real.log (Chebyshev.theta x))) ≤
                1
'PrimeFactorOscillations.eventually_thetaClock_dyadic_width' depends on axioms: [propext, Classical.choice, Quot.sound]
PrimeFactorOscillations.eventually_theta_half_double :
  ∀ᶠ (x : ℝ) in Filter.atTop, x / 2 ≤ Chebyshev.theta x ∧ Chebyshev.theta x ≤ 2 * x
'PrimeFactorOscillations.eventually_theta_half_double' depends on axioms: [propext, Classical.choice, Quot.sound]
PrimeFactorOscillations.exists_densityRatio_uniform_mesh_excess_of_not_RH (hNotRH : ¬RiemannHypothesis) (a B : ℝ)
  (ha : 0 < a) (haB : a ≤ B) (d : ℝ) (hd : d ≤ 3 / 4) (C X : ℝ) (hC : 0 < C) :
  ∃ n,
    X < ↑n ∧
      6 ≤ n ∧
        ∀ (y : ℝ),
          ↑n ≤ y →
            y ≤ ↑n + ↑n ^ d →
              have L := Real.eulerMascheroniConstant + Real.log (Real.log (Chebyshev.theta y));
              2 ≤ L ∧
                ∀ (r : ℕ),
                  a ≤ ↑r / L →
                    ↑r / L ≤ B →
                      0 < ↑(PrimeFactorUnimodality.weightEsymm (PrimeFactorUnimodality.primesBelow (⌊y⌋₊ + 1)) r) ∧
                        0 < Nat.factorialConvolution PrimeFactorOscillations.primeProfileRealCoefficient r L ∧
                          C * ↑n ^ (-(1 / 2)) <
                            ↑(PrimeFactorUnimodality.densityRatio (PrimeFactorUnimodality.primesBelow (⌊y⌋₊ + 1)) r) -
                              Nat.factorialConvolution PrimeFactorOscillations.primeProfileRealCoefficient (r - 1) L /
                                Nat.factorialConvolution PrimeFactorOscillations.primeProfileRealCoefficient r L
'PrimeFactorOscillations.exists_densityRatio_uniform_mesh_excess_of_not_RH' depends on axioms: [propext,
 Classical.choice,
 Quot.sound]
PrimeFactorOscillations.exists_densityRatio_uniform_power_excess_of_not_RH (hNotRH : ¬RiemannHypothesis) (a B : ℝ)
  (ha : 0 < a) (haB : a ≤ B) :
  ∃ beta,
    0 < beta ∧
      beta < 1 / 2 ∧
        ∀ d ≤ 3 / 4,
          ∀ (C X : ℝ),
            0 < C →
              ∃ n,
                X < ↑n ∧
                  6 ≤ n ∧
                    ∀ (y : ℝ),
                      ↑n ≤ y →
                        y ≤ ↑n + ↑n ^ d →
                          have L := Real.eulerMascheroniConstant + Real.log (Real.log (Chebyshev.theta y));
                          2 ≤ L ∧
                            ∀ (r : ℕ),
                              a ≤ ↑r / L →
                                ↑r / L ≤ B →
                                  0 <
                                      ↑(PrimeFactorUnimodality.weightEsymm
                                          (PrimeFactorUnimodality.primesBelow (⌊y⌋₊ + 1)) r) ∧
                                    0 <
                                        Nat.factorialConvolution PrimeFactorOscillations.primeProfileRealCoefficient r
                                          L ∧
                                      C * ↑n ^ (-beta) <
                                        ↑(PrimeFactorUnimodality.densityRatio
                                              (PrimeFactorUnimodality.primesBelow (⌊y⌋₊ + 1)) r) -
                                          Nat.factorialConvolution PrimeFactorOscillations.primeProfileRealCoefficient
                                              (r - 1) L /
                                            Nat.factorialConvolution PrimeFactorOscillations.primeProfileRealCoefficient
                                              r L
'PrimeFactorOscillations.exists_densityRatio_uniform_power_excess_of_not_RH' depends on axioms: [propext,
 Classical.choice,
 Quot.sound]
PrimeFactorOscillations.exists_eventually_primeProfileMovingResidual_error (alpha : ℝ) (ha : 0 < alpha) :
  ∃ C,
    0 ≤ C ∧
      ∀ᶠ (x : ℝ) in Filter.atTop,
        1 < Chebyshev.theta x ∧
          2 ≤ PrimeFactorOscillations.primeProfileThetaClock x ∧
            0 < PrimeFactorOscillations.primeProfileMovingRank alpha x ∧
              0 <
                  ↑(PrimeFactorUnimodality.weightEsymm (PrimeFactorUnimodality.primesBelow (⌊x⌋₊ + 1))
                      (PrimeFactorOscillations.primeProfileMovingRank alpha x)) ∧
                0 <
                    Nat.factorialConvolution PrimeFactorOscillations.primeProfileRealCoefficient
                      (PrimeFactorOscillations.primeProfileMovingRank alpha x)
                      (PrimeFactorOscillations.primeProfileThetaClock x) ∧
                  |PrimeFactorOscillations.primeProfileMovingResidual alpha x -
                        Robin1984.nicolasLogMertensOscillation x| ≤
                    C / PrimeFactorOscillations.primeProfileThetaClock x * |Robin1984.nicolasLogMertensOscillation x| +
                      C / x
'PrimeFactorOscillations.exists_eventually_primeProfileMovingResidual_error' depends on axioms: [propext,
 Classical.choice,
 Quot.sound]
PrimeFactorOscillations.exists_eventually_primeProfileMovingResidual_positive_parts (alpha : ℝ) (ha : 0 < alpha) :
  ∃ C,
    0 ≤ C ∧
      ∀ᶠ (x : ℝ) in Filter.atTop,
        max (PrimeFactorOscillations.primeProfileMovingResidual alpha x) 0 ≤
            3 / 2 * max (Robin1984.nicolasLogMertensOscillation x) 0 + C / x ∧
          max (Robin1984.nicolasLogMertensOscillation x) 0 ≤
            2 * max (PrimeFactorOscillations.primeProfileMovingResidual alpha x) 0 + 2 * C / x
'PrimeFactorOscillations.exists_eventually_primeProfileMovingResidual_positive_parts' depends on axioms: [propext,
 Classical.choice,
 Quot.sound]
PrimeFactorOscillations.exists_eventually_primeProfilePositiveArea_compare (alpha : ℝ) (ha : 0 < alpha) :
  ∃ C,
    0 ≤ C ∧
      ∀ᶠ (x : ℝ) in Filter.atTop,
        PrimeFactorOscillations.primeProfilePositiveArea alpha x ≤
            ENNReal.ofReal (3 / 2) * PrimeFactorOscillations.nicolasPositiveArea x + ENNReal.ofReal C ∧
          PrimeFactorOscillations.nicolasPositiveArea x ≤
            ENNReal.ofReal 2 * PrimeFactorOscillations.primeProfilePositiveArea alpha x + ENNReal.ofReal (2 * C)
'PrimeFactorOscillations.exists_eventually_primeProfilePositiveArea_compare' depends on axioms: [propext,
 Classical.choice,
 Quot.sound]
PrimeFactorOscillations.exists_eventually_primeProfile_rank_band_error (a B : ℝ) (ha : 0 < a) (haB : a ≤ B) :
  ∃ D,
    0 ≤ D ∧
      ∀ᶠ (x : ℝ) in Filter.atTop,
        have L := Real.eulerMascheroniConstant + Real.log (Real.log (Chebyshev.theta x));
        2 ≤ L ∧
          ∀ (r : ℕ),
            a ≤ ↑r / L →
              ↑r / L ≤ B →
                0 < ↑(PrimeFactorUnimodality.weightEsymm (PrimeFactorUnimodality.primesBelow (⌊x⌋₊ + 1)) r) ∧
                  |Nat.factorialConvolution PrimeFactorOscillations.primeProfileRealCoefficient (r - 1) L /
                            Nat.factorialConvolution PrimeFactorOscillations.primeProfileRealCoefficient r L -
                          ↑r / L| ≤
                      D / L ∧
                    |↑(PrimeFactorUnimodality.densityRatio (PrimeFactorUnimodality.primesBelow (⌊x⌋₊ + 1)) r) -
                          ↑r / L| ≤
                      D / L
'PrimeFactorOscillations.exists_eventually_primeProfile_rank_band_error' depends on axioms: [propext,
 Classical.choice,
 Quot.sound]
PrimeFactorOscillations.exists_fixed_tilt_combination_bound_of_signal_cancelled.{u_1} {I : Type u_1} (s : Finset I)
  (a z : I → ℝ) (hz : ∀ i ∈ s, 0 ≤ z i) (hcancel : ∑ i ∈ s, a i * z i = 0) :
  ∃ C,
    0 ≤ C ∧
      ∀ (N : ℕ),
        1 ≤ N → 1 < Chebyshev.theta ↑N → |∑ i ∈ s, a i * PrimeFactorOscillations.nicolasTiltedLog (z i) ↑N| ≤ C / ↑N
'PrimeFactorOscillations.exists_fixed_tilt_combination_bound_of_signal_cancelled' depends on axioms: [propext,
 Classical.choice,
 Quot.sound]
PrimeFactorOscillations.exists_fixed_tilt_combination_error.{u_1} {I : Type u_1} (s : Finset I) (a z : I → ℝ)
  (hz : ∀ i ∈ s, 0 ≤ z i) :
  ∃ C,
    0 ≤ C ∧
      ∀ (N : ℕ),
        1 ≤ N →
          1 < Chebyshev.theta ↑N →
            |∑ i ∈ s, a i * PrimeFactorOscillations.nicolasTiltedLog (z i) ↑N -
                  (∑ i ∈ s, a i * z i) * Robin1984.nicolasLogMertensOscillation ↑N| ≤
              C / ↑N
'PrimeFactorOscillations.exists_fixed_tilt_combination_error' depends on axioms: [propext, Classical.choice, Quot.sound]
PrimeFactorOscillations.exists_last_ascent_clock_error_envelope :
  ∃ N0,
    2 ≤ N0 ∧
      ∀ (P V : ℕ),
        N0 ≤ P - 1 →
          64 ≤ V →
            P ≤ V →
              4 ≤ Real.log ↑V →
                ↑V - 2 * PrimeFactorOscillations.gapCoverageLength ↑V ≤ ↑P →
                  ∀ (T M : ℝ),
                    0 ≤ M →
                      |T - PrimeFactorOscillations.nicolasPrimeProductClock ↑(V - 1)| ≤ M * Real.log ↑(V - 1) →
                        |(T - PrimeFactorOscillations.nicolasPrimeProductClock ↑(P - 1)) / √↑P| ≤
                          2 * M * Real.log ↑V / √↑V + 32 / Real.log ↑V
'PrimeFactorOscillations.exists_last_ascent_clock_error_envelope' depends on axioms: [propext,
 Classical.choice,
 Quot.sound]
PrimeFactorOscillations.exists_last_ascent_reference_tracking_and_RH_wave (H : ℕ) (hH : 2 ≤ H)
  (hMin : ∀ᶠ (i : ℕ) in Filter.atTop, H ≤ PrimeFactorUnimodality.primeGap i)
  (hCoverage :
    ∀ᶠ (x : ℝ) in Filter.atTop,
      ∃ i,
        x < ↑(PrimeFactorUnimodality.primeAt i) ∧
          ↑(PrimeFactorUnimodality.primeAt i) ≤ x + PrimeFactorOscillations.gapCoverageLength x ∧
            PrimeFactorUnimodality.primeGap i = H) :
  ∃ A u,
    0 < A ∧
      (∀ᶠ (r : ℕ) in Filter.atTop,
          |u r - ↑r / (↑H + 1)| ≤ A ∧
            (0 < u r ∧ (↑H + 1) / 2 ≤ ↑r / u r ∧ ↑r / u r ≤ 2 * (↑H + 1)) ∧
              Nat.factorialConvolution PrimeFactorOscillations.primeProfileRealCoefficient (r - 1) (u r) /
                  Nat.factorialConvolution PrimeFactorOscillations.primeProfileRealCoefficient r (u r) =
                ↑H + 1) ∧
        Filter.Tendsto
            (fun k =>
              (Real.exp (Real.exp (u (k - 1) - Real.eulerMascheroniConstant)) -
                  PrimeFactorOscillations.nicolasPrimeProductClock
                    ↑(PrimeFactorOscillations.lastAscentPrime (PrimeFactorOscillations.ordinaryDensity k) - 1)) /
                √↑(PrimeFactorOscillations.lastAscentPrime (PrimeFactorOscillations.ordinaryDensity k)))
            Filter.atTop (nhds 0) ∧
          (RiemannHypothesis →
            Filter.Tendsto
              (fun k =>
                (Real.exp (Real.exp (u (k - 1) - Real.eulerMascheroniConstant)) -
                      Chebyshev.theta
                        ↑(PrimeFactorOscillations.lastAscentPrime (PrimeFactorOscillations.ordinaryDensity k) - 1)) /
                    √↑(PrimeFactorOscillations.lastAscentPrime (PrimeFactorOscillations.ordinaryDensity k)) -
                  (2 +
                    PrimeFactorOscillations.nicolasZeroWave
                      ↑(PrimeFactorOscillations.lastAscentPrime (PrimeFactorOscillations.ordinaryDensity k) - 1)))
              Filter.atTop (nhds 0))
'PrimeFactorOscillations.exists_last_ascent_reference_tracking_and_RH_wave' depends on axioms: [propext,
 Classical.choice,
 Quot.sound]
PrimeFactorOscillations.exists_nicolasK_logarithmic_bound :
  ∃ C, 0 ≤ C ∧ ∀ (x : ℝ), 3 ≤ x → |Robin1984.nicolasK x| ≤ C * (1 / Real.log x + 1 / Real.log x ^ 2) / Real.log x
'PrimeFactorOscillations.exists_nicolasK_logarithmic_bound' depends on axioms: [propext, Classical.choice, Quot.sound]
PrimeFactorOscillations.exists_nicolasK_power_peak_exponent_of_not_RH (hNotRH : ¬RiemannHypothesis) :
  ∃ b,
    0 < b ∧
      b < 1 / 2 ∧
        ∀ (A : ℝ),
          0 < A →
            ∀ (N : ℕ),
              ∃ n,
                N ≤ n ∧
                  2 ≤ n ∧
                    A * (↑n + 1) ^ (-b) < Robin1984.nicolasK (↑n + 1) ∧
                      0 < Robin1984.nicolasThetaError (↑n + 1) ∧
                        Robin1984.nicolasThetaError (↑n + 1) ≤ (2 * A + 1) * (↑n + 1) ^ (1 - b) * Real.log (↑n + 1)
'PrimeFactorOscillations.exists_nicolasK_power_peak_exponent_of_not_RH' depends on axioms: [propext,
 Classical.choice,
 Quot.sound]
PrimeFactorOscillations.exists_nicolasK_power_peak_of_zero {rho : ℂ} (hZero : riemannZeta rho = 0)
  (hHalf : 1 / 2 < rho.re) (hOne : rho.re < 1) {b : ℝ} (hLower : 1 - rho.re < b) (hbHalf : b ≤ 1 / 2) (A : ℝ)
  (hA : 0 < A) (N : ℕ) :
  ∃ n,
    N ≤ n ∧
      2 ≤ n ∧
        A * (↑n + 1) ^ (-b) < Robin1984.nicolasK (↑n + 1) ∧
          0 < Robin1984.nicolasThetaError (↑n + 1) ∧
            Robin1984.nicolasThetaError (↑n + 1) ≤ (2 * A + 1) * (↑n + 1) ^ (1 - b) * Real.log (↑n + 1)
'PrimeFactorOscillations.exists_nicolasK_power_peak_of_zero' depends on axioms: [propext, Classical.choice, Quot.sound]
PrimeFactorOscillations.exists_nicolasLog_critical_intervals_of_not_RH (hNotRH : ¬RiemannHypothesis) :
  ∃ b,
    0 < b ∧
      b < 1 / 2 ∧
        ∀ (A X : ℝ),
          0 < A →
            ∃ n,
              X < ↑n ∧
                6 ≤ n ∧
                  ∀ (y : ℝ),
                    ↑n ≤ y →
                      y ≤ ↑n + PrimeFactorOscillations.nicolasCriticalWindowLength (√A / 100) b ↑n →
                        A * ↑n ^ (-b) < Robin1984.nicolasLogMertensOscillation y
'PrimeFactorOscillations.exists_nicolasLog_critical_intervals_of_not_RH' depends on axioms: [propext,
 Classical.choice,
 Quot.sound]
PrimeFactorOscillations.exists_nicolasLog_power_intervals_of_not_RH (hNotRH : ¬RiemannHypothesis) :
  ∃ b,
    0 < b ∧
      b < 1 / 2 ∧
        ∀ (d A X : ℝ),
          d < 1 - b / 2 →
            0 < A →
              ∃ n,
                X < ↑n ∧
                  6 ≤ n ∧ ∀ (y : ℝ), ↑n ≤ y → y ≤ ↑n + ↑n ^ d → A * ↑n ^ (-b) < Robin1984.nicolasLogMertensOscillation y
'PrimeFactorOscillations.exists_nicolasLog_power_intervals_of_not_RH' depends on axioms: [propext,
 Classical.choice,
 Quot.sound]
PrimeFactorOscillations.exists_nicolasPositiveArea_excess_of_power_intervals (b d a C B X : ℝ) (ha : a < d - b)
  (hd : d ≤ 1) (hC : 0 < C)
  (hIntervals :
    ∀ (Y : ℝ),
      ∃ n,
        Y < ↑n ∧ 6 ≤ n ∧ ∀ (y : ℝ), ↑n ≤ y → y ≤ ↑n + ↑n ^ d → ↑n ^ (-b) < Robin1984.nicolasLogMertensOscillation y) :
  ∃ n, X < ↑n ∧ 6 ≤ n ∧ ENNReal.ofReal (C * ↑n ^ a * Real.log ↑n ^ B) < PrimeFactorOscillations.nicolasPositiveArea ↑n
'PrimeFactorOscillations.exists_nicolasPositiveArea_excess_of_power_intervals' depends on axioms: [propext,
 Classical.choice,
 Quot.sound]
PrimeFactorOscillations.exists_nicolasPositiveArea_excess_of_zero {rho : ℂ} (hZero : riemannZeta rho = 0)
  (hHalf : 1 / 2 < rho.re) (hOne : rho.re < 1) {b : ℝ} (hLower : 1 - rho.re < b) (hbHalf : b ≤ 1 / 2) (a C B X : ℝ)
  (ha : a < 1 - 3 * b / 2) (hC : 0 < C) :
  ∃ n, X < ↑n ∧ 6 ≤ n ∧ ENNReal.ofReal (C * ↑n ^ a * Real.log ↑n ^ B) < PrimeFactorOscillations.nicolasPositiveArea ↑n
'PrimeFactorOscillations.exists_nicolasPositiveArea_excess_of_zero' depends on axioms: [propext,
 Classical.choice,
 Quot.sound]
PrimeFactorOscillations.exists_ordinary_ascent_theta_envelope_of_RH_gap_lower (H : ℕ)
  (hGaps : ∃ Q, ∀ (i : ℕ), Q ≤ PrimeFactorUnimodality.primeAt i → H ≤ PrimeFactorUnimodality.primeGap i)
  (hRH : RiemannHypothesis) :
  ∃ A K,
    0 < A ∧
      2 ≤ K ∧
        ∀ (k : ℕ),
          K ≤ k →
            ∃ u,
              Set.Ioo (↑(k - 1) / (↑H + 1) - A) (↑(k - 1) / (↑H + 1) + A) u ∧
                Nat.factorialConvolution PrimeFactorOscillations.primeProfileRealCoefficient (k - 2) u /
                      Nat.factorialConvolution PrimeFactorOscillations.primeProfileRealCoefficient (k - 1) u =
                    ↑H + 1 ∧
                  ∀ (i : ℕ),
                    PrimeFactorOscillations.ordinaryDensity k i < PrimeFactorOscillations.ordinaryDensity k (i + 1) →
                      Chebyshev.theta ↑(PrimeFactorUnimodality.primeAt i - 1) <
                        Real.exp (Real.exp (u - Real.eulerMascheroniConstant))
'PrimeFactorOscillations.exists_ordinary_ascent_theta_envelope_of_RH_gap_lower' depends on axioms: [propext,
 Classical.choice,
 Quot.sound]
PrimeFactorOscillations.exists_ordinary_last_ascent_and_capacity_of_RH_gap_lower (H : ℕ)
  (hGaps : ∃ Q, ∀ (i : ℕ), Q ≤ PrimeFactorUnimodality.primeAt i → H ≤ PrimeFactorUnimodality.primeGap i)
  (hRH : RiemannHypothesis) :
  ∃ c A K,
    0 < c ∧
      0 < A ∧
        2 ≤ K ∧
          ∀ (k : ℕ),
            K ≤ k →
              ∃ N i u,
                PrimeFactorOscillations.HasReversalNumber (PrimeFactorOscillations.ordinaryDensity k) N ∧
                  Real.exp (Real.exp (c * ↑k)) ≤ ↑N ∧
                    PrimeFactorOscillations.ordinaryDensity k i < PrimeFactorOscillations.ordinaryDensity k (i + 1) ∧
                      (∀ (j : ℕ),
                          PrimeFactorOscillations.ordinaryDensity k j <
                              PrimeFactorOscillations.ordinaryDensity k (j + 1) →
                            j ≤ i) ∧
                        Set.Ioo (↑(k - 1) / (↑H + 1) - A) (↑(k - 1) / (↑H + 1) + A) u ∧
                          Nat.factorialConvolution PrimeFactorOscillations.primeProfileRealCoefficient (k - 2) u /
                                Nat.factorialConvolution PrimeFactorOscillations.primeProfileRealCoefficient (k - 1) u =
                              ↑H + 1 ∧
                            Chebyshev.theta ↑(PrimeFactorUnimodality.primeAt i - 1) <
                                Real.exp (Real.exp (u - Real.eulerMascheroniConstant)) ∧
                              N ≤ (PrimeFactorUnimodality.primeAt i).primeCounting ∧
                                (PrimeFactorUnimodality.primeAt i).primeCounting ≤
                                  PrimeFactorOscillations.primeThetaEndpointCount
                                    (Real.exp (Real.exp (u - Real.eulerMascheroniConstant)))
'PrimeFactorOscillations.exists_ordinary_last_ascent_and_capacity_of_RH_gap_lower' depends on axioms: [propext,
 Classical.choice,
 Quot.sound]
PrimeFactorOscillations.exists_ordinary_loglog_capacity_of_RH_gap_lower (H : ℕ)
  (hGaps : ∃ Q, ∀ (i : ℕ), Q ≤ PrimeFactorUnimodality.primeAt i → H ≤ PrimeFactorUnimodality.primeGap i)
  (hRH : RiemannHypothesis) :
  ∃ c A C K,
    0 < c ∧
      0 < A ∧
        0 ≤ C ∧
          2 ≤ K ∧
            ∀ (k : ℕ),
              K ≤ k →
                ∃ N i u,
                  PrimeFactorOscillations.HasReversalNumber (PrimeFactorOscillations.ordinaryDensity k) N ∧
                    Real.exp (Real.exp (c * ↑k)) ≤ ↑N ∧
                      PrimeFactorOscillations.ordinaryDensity k i < PrimeFactorOscillations.ordinaryDensity k (i + 1) ∧
                        (∀ (j : ℕ),
                            PrimeFactorOscillations.ordinaryDensity k j <
                                PrimeFactorOscillations.ordinaryDensity k (j + 1) →
                              j ≤ i) ∧
                          Set.Ioo (↑(k - 1) / (↑H + 1) - A) (↑(k - 1) / (↑H + 1) + A) u ∧
                            Nat.factorialConvolution PrimeFactorOscillations.primeProfileRealCoefficient (k - 2) u /
                                  Nat.factorialConvolution PrimeFactorOscillations.primeProfileRealCoefficient (k - 1)
                                    u =
                                ↑H + 1 ∧
                              Chebyshev.theta ↑(PrimeFactorUnimodality.primeAt i - 1) <
                                  Real.exp (Real.exp (u - Real.eulerMascheroniConstant)) ∧
                                N ≤
                                    PrimeFactorOscillations.primeThetaEndpointCount
                                      (Real.exp (Real.exp (u - Real.eulerMascheroniConstant))) ∧
                                  |u - ↑(k - 1) / (↑H + 1) +
                                          deriv (fun x => (PrimeFactorOscillations.primeProfile ↑x).re) (↑H + 1) /
                                            (PrimeFactorOscillations.primeProfile ↑(↑H + 1)).re| ≤
                                      C / ↑(k - 1) ∧
                                    Real.log (Real.log ↑N) ≤
                                      ↑(k - 1) / (↑H + 1) - Real.eulerMascheroniConstant -
                                          deriv (fun x => (PrimeFactorOscillations.primeProfile ↑x).re) (↑H + 1) /
                                            (PrimeFactorOscillations.primeProfile ↑(↑H + 1)).re +
                                        (C + 32 * (↑H + 1)) / ↑(k - 1)
'PrimeFactorOscillations.exists_ordinary_loglog_capacity_of_RH_gap_lower' depends on axioms: [propext,
 Classical.choice,
 Quot.sound]
PrimeFactorOscillations.exists_primePrefix_cutoff_clock_bracket (a b : ℝ) (ha : 0 < a) (hab : a ≤ b) :
  ∃ r0 N0 K,
    0 < r0 ∧
      1 ≤ N0 ∧
        0 < K ∧
          ∀ (r i : ℕ),
            r0 ≤ r →
              N0 ≤ PrimeFactorUnimodality.primeAt i - 1 →
                ∀ (u s : ℝ),
                  (∀ (j : ℕ),
                      j = i ∨ j = i + 1 →
                        ∀ (v : ℝ),
                          Set.Icc
                              (min (PrimeFactorOscillations.primePrefixLogSum (PrimeFactorUnimodality.primeAt j - 1)) u)
                              (max (PrimeFactorOscillations.primePrefixLogSum (PrimeFactorUnimodality.primeAt j - 1)) u)
                              v →
                            0 < v ∧ a ≤ ↑r / v ∧ ↑r / v ≤ b) →
                    Nat.factorialConvolution PrimeFactorOscillations.primeProfileRealCoefficient (r - 1) u /
                          Nat.factorialConvolution PrimeFactorOscillations.primeProfileRealCoefficient r u =
                        s →
                      s <
                          ↑(PrimeFactorUnimodality.densityRatio
                              (PrimeFactorUnimodality.primesBelow (PrimeFactorUnimodality.primeAt i)) r) →
                        ↑(PrimeFactorUnimodality.densityRatio
                                (PrimeFactorUnimodality.primesBelow (PrimeFactorUnimodality.primeAt (i + 1))) r) ≤
                            s →
                          |PrimeFactorOscillations.primePrefixLogSum (PrimeFactorUnimodality.primeAt i - 1) - u| ≤
                            K / ↑(PrimeFactorUnimodality.primeAt i - 1)
'PrimeFactorOscillations.exists_primePrefix_cutoff_clock_bracket' depends on axioms: [propext,
 Classical.choice,
 Quot.sound]
PrimeFactorOscillations.exists_primeProfile_reference_rank_error (B : ℝ) (hB : 0 ≤ B) :
  ∃ r0 K,
    0 < r0 ∧
      0 ≤ K ∧
        ∀ (r : ℕ),
          r0 ≤ r →
            ∀ (L : ℝ),
              0 < L →
                ↑r / L ≤ B →
                  |Nat.factorialConvolution PrimeFactorOscillations.primeProfileRealCoefficient (r - 1) L /
                          Nat.factorialConvolution PrimeFactorOscillations.primeProfileRealCoefficient r L -
                        ↑r / L| ≤
                    K / ↑r
'PrimeFactorOscillations.exists_primeProfile_reference_rank_error' depends on axioms: [propext,
 Classical.choice,
 Quot.sound]
PrimeFactorOscillations.exists_primeProfile_reference_root_sequence (s : ℝ) (hs : 0 < s) :
  ∃ A u,
    0 < A ∧
      ∀ᶠ (r : ℕ) in Filter.atTop,
        |u r - ↑r / s| ≤ A ∧
          (0 < u r ∧ s / 2 ≤ ↑r / u r ∧ ↑r / u r ≤ 2 * s) ∧
            Nat.factorialConvolution PrimeFactorOscillations.primeProfileRealCoefficient (r - 1) (u r) /
                Nat.factorialConvolution PrimeFactorOscillations.primeProfileRealCoefficient r (u r) =
              s
'PrimeFactorOscillations.exists_primeProfile_reference_root_sequence' depends on axioms: [propext,
 Classical.choice,
 Quot.sound]
PrimeFactorOscillations.exists_tilt_grid_detection (H M : ℕ) (hM : 0 < M) (R U g : ℝ) (hLow : 1 ≤ U - g)
  (hHigh : R - g ≤ ↑H + 1) (hGain : 1 / ↑M < R - U) : ∃ j ≤ H * M, U < g + 1 + ↑j / ↑M ∧ g + 1 + ↑j / ↑M < R
'PrimeFactorOscillations.exists_tilt_grid_detection' depends on axioms: [propext, Classical.choice, Quot.sound]
PrimeFactorOscillations.finite_twins_and_spectrum_fifth_determine_all_spectra
  (hfinite : ∃ I, ∀ (i : ℕ), I ≤ i → ¬PrimeFactorUnimodality.primeGap i = 2)
  (hspectrum : PrimeFactorOscillations.primeGapSpectrum 1 = 1 / 5) :
  PrimeFactorOscillations.primeGapFrequencyExponent 4 = 1 ∧
    ∀ (nu : ℝ), 0 < nu → PrimeFactorOscillations.primeGapSpectrum nu = 1 / (4 + nu)
'PrimeFactorOscillations.finite_twins_and_spectrum_fifth_determine_all_spectra' depends on axioms: [propext,
 Classical.choice,
 Quot.sound]
PrimeFactorOscillations.four_ceil_double_exp_le_double_exp_double (t : ℝ) (ht : 3 ≤ t) :
  4 * ↑⌈Real.exp (Real.exp t)⌉₊ ≤ Real.exp (Real.exp (2 * t))
'PrimeFactorOscillations.four_ceil_double_exp_le_double_exp_double' depends on axioms: [propext,
 Classical.choice,
 Quot.sound]
PrimeFactorOscillations.full_coarse_exponent_allows_zero_density :
  ∃ f,
    (∀ (x : ℝ), 0 ≤ f x) ∧
      Filter.Tendsto (fun x => Real.log (Real.log (3 + f x)) / Real.log (Real.log x)) Filter.atTop (nhds 1) ∧
        Filter.Tendsto (fun x => f x / x) Filter.atTop (nhds 0)
'PrimeFactorOscillations.full_coarse_exponent_allows_zero_density' depends on axioms: [propext,
 Classical.choice,
 Quot.sound]
PrimeFactorOscillations.gapCoverageErrorScale_endpoint_bound (x y : ℝ) (hx : 2 ≤ x) (hxy : x ≤ y) (hy : y ≤ 2 * x) :
  PrimeFactorOscillations.gapCoverageErrorScale y ≤ 2 * PrimeFactorOscillations.gapCoverageErrorScale x
'PrimeFactorOscillations.gapCoverageErrorScale_endpoint_bound' depends on axioms: [propext,
 Classical.choice,
 Quot.sound]
PrimeFactorOscillations.gapCoverageLength_half_interval (x y : ℝ) (hx : 16 ≤ x) (hl : 4 ≤ Real.log x) (hxy : x / 2 ≤ y)
  (hyx : y ≤ x) : PrimeFactorOscillations.gapCoverageLength y ≤ 2 * PrimeFactorOscillations.gapCoverageLength x
'PrimeFactorOscillations.gapCoverageLength_half_interval' depends on axioms: [propext, Classical.choice, Quot.sound]
PrimeFactorOscillations.gapCoverageLength_le_quarter (x : ℝ) (hx : 16 ≤ x) (hl : 1 ≤ Real.log x) :
  0 < PrimeFactorOscillations.gapCoverageLength x ∧ PrimeFactorOscillations.gapCoverageLength x ≤ x / 4
'PrimeFactorOscillations.gapCoverageLength_le_quarter' depends on axioms: [propext, Classical.choice, Quot.sound]
PrimeFactorOscillations.gapFrequencyExponent_four_eq_one_of_spectrum_fifth
  (hsmall : PrimeFactorOscillations.primeGapFrequencyExponent 3 = 0)
  (hspectrum : PrimeFactorOscillations.primeGapSpectrum 1 = 1 / 5) :
  PrimeFactorOscillations.primeGapFrequencyExponent 4 = 1
'PrimeFactorOscillations.gapFrequencyExponent_four_eq_one_of_spectrum_fifth' depends on axioms: [propext,
 Classical.choice,
 Quot.sound]
PrimeFactorOscillations.gapFrequencyExponent_three_eq_zero_of_finite_twins
  (hfinite : ∃ I, ∀ (i : ℕ), I ≤ i → ¬PrimeFactorUnimodality.primeGap i = 2) :
  PrimeFactorOscillations.primeGapFrequencyExponent 3 = 0
'PrimeFactorOscillations.gapFrequencyExponent_three_eq_zero_of_finite_twins' depends on axioms: [propext,
 Classical.choice,
 Quot.sound]
PrimeFactorOscillations.genericOddEta_prime_probabilities (p : ℕ) (hp : Nat.Prime p) :
  0 ≤ PrimeFactorOscillations.genericOddEta p ∧ PrimeFactorOscillations.genericOddEta p < 1
'PrimeFactorOscillations.genericOddEta_prime_probabilities' depends on axioms: [propext, Classical.choice, Quot.sound]
PrimeFactorOscillations.genericTwinThreshold_le_three (p : ℕ) (hp : 2 < p) :
  PrimeFactorOscillations.genericTwinThreshold p ≤ 3
'PrimeFactorOscillations.genericTwinThreshold_le_three' depends on axioms: [propext, Classical.choice, Quot.sound]
PrimeFactorOscillations.genericTwinThreshold_mono (p q : ℕ) (hp : 2 < p) (hpq : p ≤ q) :
  PrimeFactorOscillations.genericTwinThreshold p ≤ PrimeFactorOscillations.genericTwinThreshold q
'PrimeFactorOscillations.genericTwinThreshold_mono' depends on axioms: [propext, Classical.choice, Quot.sound]
PrimeFactorOscillations.generic_ascent_implies_twin_potential (k i : ℕ) (hk : 2 ≤ k)
  (hp : 2 < PrimeFactorUnimodality.primeAt i)
  (hden :
    0 <
      PrimeFactorOscillations.finiteLocalMass PrimeFactorOscillations.genericOddEta
        (PrimeFactorUnimodality.primesBelow (PrimeFactorUnimodality.primeAt i)) (k - 1))
  (hascent : PrimeFactorOscillations.genericOddDensity k i < PrimeFactorOscillations.genericOddDensity k (i + 1)) :
  PrimeFactorOscillations.genericTwinThreshold (PrimeFactorUnimodality.primeAt i) <
    PrimeFactorOscillations.localPrimeRatio PrimeFactorOscillations.genericOddEta (k - 1) i
'PrimeFactorOscillations.generic_ascent_implies_twin_potential' depends on axioms: [propext,
 Classical.choice,
 Quot.sound]
PrimeFactorOscillations.generic_twin_ascent_iff (k i : ℕ) (hk : 2 ≤ k) (hp : 2 < PrimeFactorUnimodality.primeAt i)
  (hden :
    0 <
      PrimeFactorOscillations.finiteLocalMass PrimeFactorOscillations.genericOddEta
        (PrimeFactorUnimodality.primesBelow (PrimeFactorUnimodality.primeAt i)) (k - 1))
  (htwin : PrimeFactorUnimodality.primeAt (i + 1) = PrimeFactorUnimodality.primeAt i + 2) :
  PrimeFactorOscillations.genericOddDensity k i < PrimeFactorOscillations.genericOddDensity k (i + 1) ↔
    PrimeFactorOscillations.genericTwinThreshold (PrimeFactorUnimodality.primeAt i) <
      PrimeFactorOscillations.localPrimeRatio PrimeFactorOscillations.genericOddEta (k - 1) i
'PrimeFactorOscillations.generic_twin_ascent_iff' depends on axioms: [propext, Classical.choice, Quot.sound]
PrimeFactorOscillations.generic_twin_potential_initial_segment (r i j : ℕ) (hr : 1 ≤ r) (hij : i ≤ j)
  (hp : 2 < PrimeFactorUnimodality.primeAt i)
  (hden :
    0 <
      PrimeFactorOscillations.finiteLocalMass PrimeFactorOscillations.genericOddEta
        (PrimeFactorUnimodality.primesBelow (PrimeFactorUnimodality.primeAt i)) r)
  (hj :
    PrimeFactorOscillations.genericTwinThreshold (PrimeFactorUnimodality.primeAt j) <
      PrimeFactorOscillations.localPrimeRatio PrimeFactorOscillations.genericOddEta r j) :
  PrimeFactorOscillations.genericTwinThreshold (PrimeFactorUnimodality.primeAt i) <
    PrimeFactorOscillations.localPrimeRatio PrimeFactorOscillations.genericOddEta r i
'PrimeFactorOscillations.generic_twin_potential_initial_segment' depends on axioms: [propext,
 Classical.choice,
 Quot.sound]
PrimeFactorOscillations.generic_twin_threshold_exact (p : ℕ) (hp : 2 < p) :
  1 / PrimeFactorOscillations.genericOddEta (p + 2) - 1 / PrimeFactorOscillations.genericOddEta p + 1 =
    PrimeFactorOscillations.genericTwinThreshold p
'PrimeFactorOscillations.generic_twin_threshold_exact' depends on axioms: [propext, Classical.choice, Quot.sound]
PrimeFactorOscillations.generic_twin_threshold_le_actual (p q : ℕ) (hp : 2 < p) (hgap : p + 2 ≤ q) :
  PrimeFactorOscillations.genericTwinThreshold p ≤
    1 / PrimeFactorOscillations.genericOddEta q - 1 / PrimeFactorOscillations.genericOddEta p + 1
'PrimeFactorOscillations.generic_twin_threshold_le_actual' depends on axioms: [propext, Classical.choice, Quot.sound]
PrimeFactorOscillations.integrableOn_theta_weight_two :
  MeasureTheory.IntegrableOn (fun t => Chebyshev.theta t * Robin1984.robinRealWeight 2 t) (Set.Ioi 2)
    MeasureTheory.volume
'PrimeFactorOscillations.integrableOn_theta_weight_two' depends on axioms: [propext, Classical.choice, Quot.sound]
PrimeFactorOscillations.isTwinStep_of_prime_add_two (i : ℕ) (hp : 2 < PrimeFactorUnimodality.primeAt i)
  (hp2 : Nat.Prime (PrimeFactorUnimodality.primeAt i + 2)) : PrimeFactorOscillations.IsTwinStep i
'PrimeFactorOscillations.isTwinStep_of_prime_add_two' depends on axioms: [propext, Classical.choice, Quot.sound]
PrimeFactorOscillations.lastTwinIndex_eventually_relative
  (hcoverage : PrimeFactorOscillations.MultiplicativeTwinCoverage) (eps : ℝ) (heps : 0 < eps) (heps1 : eps < 1) :
  ∃ X,
    ∀ (C : ℕ),
      X ≤ ↑(PrimeFactorUnimodality.primeAt C) →
        (1 - eps) * ↑(PrimeFactorUnimodality.primeAt C) <
            ↑(PrimeFactorUnimodality.primeAt (PrimeFactorOscillations.lastTwinIndex C)) ∧
          PrimeFactorUnimodality.primeAt (PrimeFactorOscillations.lastTwinIndex C) ≤ PrimeFactorUnimodality.primeAt C
'PrimeFactorOscillations.lastTwinIndex_eventually_relative' depends on axioms: [propext, Classical.choice, Quot.sound]
PrimeFactorOscillations.last_ascent_bracket_of_gap_cutoff (H k C t j : ℕ) (hk : 2 ≤ k)
  (hcut :
    PrimeFactorOscillations.ordinaryGapPotential H k C ∧
      ∀ (i : ℕ), PrimeFactorOscillations.ordinaryGapPotential H k i → i ≤ C)
  (htj : t ≤ j) (hjC : j ≤ C)
  (hsupport :
    0 <
      PrimeFactorOscillations.finiteLocalMass (fun p => 1 / ↑p)
        (PrimeFactorUnimodality.primesBelow (PrimeFactorUnimodality.primeAt t)) (k - 1))
  (hgap : PrimeFactorUnimodality.primeGap j = H) (hmin : ∀ (i : ℕ), C < i → H ≤ PrimeFactorUnimodality.primeGap i) :
  PrimeFactorOscillations.ordinaryDensity k j < PrimeFactorOscillations.ordinaryDensity k (j + 1) ∧
    IsGreatest {i | PrimeFactorOscillations.ordinaryDensity k i < PrimeFactorOscillations.ordinaryDensity k (i + 1)}
        (sSup {i | PrimeFactorOscillations.ordinaryDensity k i < PrimeFactorOscillations.ordinaryDensity k (i + 1)}) ∧
      PrimeFactorUnimodality.primeAt j ≤
          PrimeFactorOscillations.lastAscentPrime (PrimeFactorOscillations.ordinaryDensity k) ∧
        PrimeFactorOscillations.lastAscentPrime (PrimeFactorOscillations.ordinaryDensity k) ≤
          PrimeFactorUnimodality.primeAt C
'PrimeFactorOscillations.last_ascent_bracket_of_gap_cutoff' depends on axioms: [propext, Classical.choice, Quot.sound]
PrimeFactorOscillations.localAscentCount_eq_scalar_eventually (H : ℕ) (m : ℕ → ℕ) (a : (X : ℕ) → Fin (m X) → ℕ)
  (hs : PrimeFactorOscillations.LocalAscentSampling H m a) :
  ∀ᶠ (X : ℕ) in Filter.atTop,
    PrimeFactorOscillations.localAscentCount H m a X =
      ∑ i,
        (PrimeFactorOscillations.tiltAscentSet H (PrimeFactorOscillations.localTiltMesh X)
            ↑(PrimeFactorUnimodality.densityRatio
                (PrimeFactorUnimodality.primesBelow (PrimeFactorUnimodality.primeAt (a X i)))
                (PrimeFactorOscillations.localTiltRank H X))
            ↑(PrimeFactorUnimodality.primeGap (a X i))).card
'PrimeFactorOscillations.localAscentCount_eq_scalar_eventually' depends on axioms: [propext,
 Classical.choice,
 Quot.sound]
PrimeFactorOscillations.localAscentCount_excess_unbounded_of_not_RH (H : ℕ) (m : ℕ → ℕ) (a : (X : ℕ) → Fin (m X) → ℕ)
  (hs : PrimeFactorOscillations.LocalAscentSampling H m a) (hNotRH : ¬RiemannHypothesis) (C X0 : ℝ) (hC : 0 < C) :
  ∃ n,
    X0 < ↑n ∧
      C * ↑n ^ (7 / 10) <
        ↑(PrimeFactorOscillations.localAscentCount H m a n) - ↑(PrimeFactorOscillations.localReferenceCount H m a n)
'PrimeFactorOscillations.localAscentCount_excess_unbounded_of_not_RH' depends on axioms: [propext,
 Classical.choice,
 Quot.sound]
PrimeFactorOscillations.localAscentCount_le_reference_eventually_of_RH (H : ℕ) (m : ℕ → ℕ) (a : (X : ℕ) → Fin (m X) → ℕ)
  (hs : PrimeFactorOscillations.LocalAscentSampling H m a) (hRH : RiemannHypothesis) :
  ∀ᶠ (X : ℕ) in Filter.atTop,
    PrimeFactorOscillations.localAscentCount H m a X ≤ PrimeFactorOscillations.localReferenceCount H m a X
'PrimeFactorOscillations.localAscentCount_le_reference_eventually_of_RH' depends on axioms: [propext,
 Classical.choice,
 Quot.sound]
PrimeFactorOscillations.localAscentSampling_of_quantitativeShortIntervalPairs (H : ℕ)
  (hSource : PrimeFactorOscillations.QuantitativeShortIntervalPairs H) :
  PrimeFactorOscillations.LocalAscentSampling H (PrimeFactorOscillations.localAscentPairNumber H)
    (PrimeFactorOscillations.selectedLocalAscentPair H)
'PrimeFactorOscillations.localAscentSampling_of_quantitativeShortIntervalPairs' depends on axioms: [propext,
 Classical.choice,
 Quot.sound]
PrimeFactorOscillations.localPrimeRatio_antitone_from (eta : ℕ → ℚ)
  (hprob : ∀ (p : ℕ), Nat.Prime p → 0 ≤ eta p ∧ eta p < 1) (r i j : ℕ) (hr : 1 ≤ r) (hij : i ≤ j)
  (hden :
    0 <
      PrimeFactorOscillations.finiteLocalMass eta
        (PrimeFactorUnimodality.primesBelow (PrimeFactorUnimodality.primeAt i)) r) :
  0 <
      PrimeFactorOscillations.finiteLocalMass eta
        (PrimeFactorUnimodality.primesBelow (PrimeFactorUnimodality.primeAt j)) r ∧
    PrimeFactorOscillations.localPrimeRatio eta r j ≤ PrimeFactorOscillations.localPrimeRatio eta r i
'PrimeFactorOscillations.localPrimeRatio_antitone_from' depends on axioms: [propext, Classical.choice, Quot.sound]
PrimeFactorOscillations.localPrimeRatio_step (eta : ℕ → ℚ) (hprob : ∀ (p : ℕ), Nat.Prime p → 0 ≤ eta p ∧ eta p < 1)
  (r i : ℕ) (hr : 1 ≤ r)
  (hden :
    0 <
      PrimeFactorOscillations.finiteLocalMass eta
        (PrimeFactorUnimodality.primesBelow (PrimeFactorUnimodality.primeAt i)) r) :
  0 <
      PrimeFactorOscillations.finiteLocalMass eta
        (PrimeFactorUnimodality.primesBelow (PrimeFactorUnimodality.primeAt (i + 1))) r ∧
    PrimeFactorOscillations.localPrimeRatio eta r (i + 1) ≤ PrimeFactorOscillations.localPrimeRatio eta r i
'PrimeFactorOscillations.localPrimeRatio_step' depends on axioms: [propext, Classical.choice, Quot.sound]
PrimeFactorOscillations.localRankDensity_step_gt_iff (eta : ℕ → ℚ) (k i : ℕ) (hk : 2 ≤ k)
  (hp : 0 < eta (PrimeFactorUnimodality.primeAt i)) (hq : 0 < eta (PrimeFactorUnimodality.primeAt (i + 1)))
  (hden :
    0 <
      PrimeFactorOscillations.finiteLocalMass eta
        (PrimeFactorUnimodality.primesBelow (PrimeFactorUnimodality.primeAt i)) (k - 1)) :
  PrimeFactorOscillations.localRankDensity eta k i < PrimeFactorOscillations.localRankDensity eta k (i + 1) ↔
    1 / eta (PrimeFactorUnimodality.primeAt (i + 1)) - 1 / eta (PrimeFactorUnimodality.primeAt i) + 1 <
      PrimeFactorOscillations.localPrimeRatio eta (k - 1) i
'PrimeFactorOscillations.localRankDensity_step_gt_iff' depends on axioms: [propext, Classical.choice, Quot.sound]
PrimeFactorOscillations.localReversalCount_excess_unbounded_of_not_RH (H : ℕ) (m : ℕ → ℕ)
  (d a : (X : ℕ) → Fin (m X) → ℕ) (hs : PrimeFactorOscillations.LocalReversalSampling H m d a)
  (hNotRH : ¬RiemannHypothesis) (C X0 : ℝ) (hC : 0 < C) :
  ∃ n,
    X0 < ↑n ∧
      C * ↑n ^ (1 / 10) <
        ↑(PrimeFactorOscillations.localReversalCount H m d a n) - ↑(PrimeFactorOscillations.localReferenceCount H m a n)
'PrimeFactorOscillations.localReversalCount_excess_unbounded_of_not_RH' depends on axioms: [propext,
 Classical.choice,
 Quot.sound]
PrimeFactorOscillations.localReversalCount_le_reference_eventually_of_RH (H : ℕ) (m : ℕ → ℕ)
  (d a : (X : ℕ) → Fin (m X) → ℕ) (hs : PrimeFactorOscillations.LocalReversalSampling H m d a)
  (hRH : RiemannHypothesis) :
  ∀ᶠ (X : ℕ) in Filter.atTop,
    PrimeFactorOscillations.localReversalCount H m d a X ≤ PrimeFactorOscillations.localReferenceCount H m a X
'PrimeFactorOscillations.localReversalCount_le_reference_eventually_of_RH' depends on axioms: [propext,
 Classical.choice,
 Quot.sound]
PrimeFactorOscillations.localReversalSampling_of_shortIntervalPairInput (H : ℕ)
  (hSource : PrimeFactorOscillations.ShortIntervalPairInput H) :
  PrimeFactorOscillations.LocalReversalSampling H PrimeFactorOscillations.localCellNumber
    (PrimeFactorOscillations.selectedCellDescent H) (PrimeFactorOscillations.selectedCellAscent H)
'PrimeFactorOscillations.localReversalSampling_of_shortIntervalPairInput' depends on axioms: [propext,
 Classical.choice,
 Quot.sound]
PrimeFactorOscillations.localTiltAscentSet_eq_scalar (H M r i : ℕ) (hr : 1 ≤ r)
  (hs : r ≤ (PrimeFactorUnimodality.primesBelow (PrimeFactorUnimodality.primeAt i)).length) :
  PrimeFactorOscillations.localTiltAscentSet H M r i =
    PrimeFactorOscillations.tiltAscentSet H M
      ↑(PrimeFactorUnimodality.densityRatio (PrimeFactorUnimodality.primesBelow (PrimeFactorUnimodality.primeAt i)) r)
      ↑(PrimeFactorUnimodality.primeGap i)
'PrimeFactorOscillations.localTiltAscentSet_eq_scalar' depends on axioms: [propext, Classical.choice, Quot.sound]
PrimeFactorOscillations.local_mass_cons_pos_of_pos (eta : ℕ → ℚ) (xs : List ℕ)
  (hprob : ∀ (p : ℕ), List.Mem p xs → 0 ≤ eta p ∧ eta p < 1) (p r : ℕ) (hp : 0 ≤ eta p ∧ eta p < 1)
  (hden : 0 < PrimeFactorOscillations.finiteLocalMass eta xs r) :
  0 < PrimeFactorOscillations.finiteLocalMass eta (p :: xs) r
'PrimeFactorOscillations.local_mass_cons_pos_of_pos' depends on axioms: [propext, Classical.choice, Quot.sound]
PrimeFactorOscillations.local_ratio_cons_le (eta : ℕ → ℚ) (xs : List ℕ)
  (hprob : ∀ (p : ℕ), List.Mem p xs → 0 ≤ eta p ∧ eta p < 1) (p r : ℕ) (hp : 0 ≤ eta p ∧ eta p < 1) (hr : 1 ≤ r)
  (hden : 0 < PrimeFactorOscillations.finiteLocalMass eta xs r) :
  PrimeFactorOscillations.finiteLocalMass eta (p :: xs) (r - 1) /
      PrimeFactorOscillations.finiteLocalMass eta (p :: xs) r ≤
    PrimeFactorOscillations.finiteLocalMass eta xs (r - 1) / PrimeFactorOscillations.finiteLocalMass eta xs r
'PrimeFactorOscillations.local_ratio_cons_le' depends on axioms: [propext, Classical.choice, Quot.sound]
PrimeFactorOscillations.logarithmicIntegralTwo_increment_lower (x y : ℝ) (hx : 2 ≤ x) (hxy : x ≤ y) (hy : y ≤ 2 * x) :
  (y - x) / (4 * Real.log x ^ 2) ≤
    PrimeFactorOscillations.logarithmicIntegralTwo y - PrimeFactorOscillations.logarithmicIntegralTwo x
'PrimeFactorOscillations.logarithmicIntegralTwo_increment_lower' depends on axioms: [propext,
 Classical.choice,
 Quot.sound]
PrimeFactorOscillations.mem_exactPrimeGapSet_iff (h i : ℕ) (x : ℝ) (hx : 0 ≤ x) :
  i ∈ PrimeFactorOscillations.exactPrimeGapSet h x ↔
    ↑(PrimeFactorUnimodality.primeAt i) ≤ x ∧ PrimeFactorUnimodality.primeGap i = h
'PrimeFactorOscillations.mem_exactPrimeGapSet_iff' depends on axioms: [propext, Classical.choice, Quot.sound]
PrimeFactorOscillations.mem_tiltExcessSet_iff (H M j : ℕ) (R U g : ℝ) :
  j ∈ PrimeFactorOscillations.tiltExcessSet H M R U g ↔ j < H * M + 1 ∧ U ≤ g + 1 + ↑j / ↑M ∧ g + 1 + ↑j / ↑M < R
'PrimeFactorOscillations.mem_tiltExcessSet_iff' depends on axioms: [propext, Classical.choice, Quot.sound]
PrimeFactorOscillations.momentOrder_decay (x : ℝ) (hx : 1 < x) :
  1 ≤ PrimeFactorOscillations.nicolasMomentOrder x ∧
    2 ^ (-↑(PrimeFactorOscillations.nicolasMomentOrder x)) ≤ x ^ (-(1 / 4))
'PrimeFactorOscillations.momentOrder_decay' depends on axioms: [propext, Classical.choice, Quot.sound]
PrimeFactorOscillations.moment_decay_scaled (x C : ℝ) (hx : 1 < x) (hC : 0 ≤ C) :
  1 / (x ^ (1 / 2) * Real.log x) * (C * x * 2 ^ (-↑(PrimeFactorOscillations.nicolasMomentOrder x))) ≤
    C * x ^ (1 / 4) / Real.log x
'PrimeFactorOscillations.moment_decay_scaled' depends on axioms: [propext, Classical.choice, Quot.sound]
PrimeFactorOscillations.multiplicativeTwinCoverage_of_twinCountAsymptotic (C : ℝ) (hC : 0 < C)
  (hasymptotic : PrimeFactorOscillations.TwinCountAsymptotic C) : PrimeFactorOscillations.MultiplicativeTwinCoverage
'PrimeFactorOscillations.multiplicativeTwinCoverage_of_twinCountAsymptotic' depends on axioms: [propext,
 Classical.choice,
 Quot.sound]
PrimeFactorOscillations.nicolasCriticalWindowLength_eq_rpow (eta b x : ℝ) (hx : 0 < x) :
  PrimeFactorOscillations.nicolasCriticalWindowLength eta b x = eta * x ^ (1 - b / 2) / √(Real.log x)
'PrimeFactorOscillations.nicolasCriticalWindowLength_eq_rpow' depends on axioms: [propext, Classical.choice, Quot.sound]
PrimeFactorOscillations.nicolasK_integer_power_excursions_of_zero {rho : ℂ} (hZero : riemannZeta rho = 0)
  (hHalf : 1 / 2 < rho.re) (hOne : rho.re < 1) {b : ℝ} (hLower : 1 - rho.re < b) (hbHalf : b ≤ 1 / 2) :
  (∀ (A : ℝ), 0 < A → ∀ (N : ℕ), ∃ n, N ≤ n ∧ A * ↑n ^ (-b) < Robin1984.nicolasK ↑n) ∧
    ∀ (N : ℕ), ∃ n, N ≤ n ∧ Robin1984.nicolasK ↑n < 0
'PrimeFactorOscillations.nicolasK_integer_power_excursions_of_zero' depends on axioms: [propext,
 Classical.choice,
 Quot.sound]
PrimeFactorOscillations.nicolasLog_critical_intervals_of_zero {rho : ℂ} (hZero : riemannZeta rho = 0)
  (hHalf : 1 / 2 < rho.re) (hOne : rho.re < 1) {b : ℝ} (hLower : 1 - rho.re < b) (hbHalf : b ≤ 1 / 2) (A X : ℝ)
  (hA : 0 < A) :
  ∃ n,
    X < ↑n ∧
      6 ≤ n ∧
        ∀ (y : ℝ),
          ↑n ≤ y →
            y ≤ ↑n + PrimeFactorOscillations.nicolasCriticalWindowLength (√A / 100) b ↑n →
              A * ↑n ^ (-b) < Robin1984.nicolasLogMertensOscillation y
'PrimeFactorOscillations.nicolasLog_critical_intervals_of_zero' depends on axioms: [propext,
 Classical.choice,
 Quot.sound]
PrimeFactorOscillations.nicolasLog_interval_lower_bound (x y M : ℝ) (hx : 4 ≤ x) (hLog : 1 ≤ Real.log (x / 2))
  (hxy : x ≤ y) (hM : 0 ≤ M) (hSmall : M ≤ x / 2) (hError : ∀ (t : ℝ), x ≤ t → t ≤ y → |Chebyshev.theta t - t| ≤ M) :
  Robin1984.nicolasK x - (2 * M * (y - x) + 6 * M ^ 2) / (x ^ 2 * Real.log x) ≤ Robin1984.nicolasLogMertensOscillation y
'PrimeFactorOscillations.nicolasLog_interval_lower_bound' depends on axioms: [propext, Classical.choice, Quot.sound]
PrimeFactorOscillations.nicolasLog_lower_on_nat_power_window (n : ℕ) (hn : 6 ≤ ↑n) (B b d A : ℝ) (hB : 0 ≤ B)
  (hd : d ≤ 1) (hE : 0 ≤ Robin1984.nicolasThetaError ↑n)
  (hError : Robin1984.nicolasThetaError ↑n ≤ B * ↑n ^ (1 - b) * Real.log ↑n)
  (hPeak : 2 * A * ↑n ^ (-b) < Robin1984.nicolasK ↑n)
  (hSmall : PrimeFactorOscillations.nicolasPersistenceEnvelope B b d ↑n ≤ ↑n / 2)
  (hLoss : PrimeFactorOscillations.nicolasPersistenceLoss B b d ↑n < A * ↑n ^ (-b)) (y : ℝ) (hyLower : ↑n ≤ y)
  (hyUpper : y ≤ ↑n + ↑n ^ d) : A * ↑n ^ (-b) < Robin1984.nicolasLogMertensOscillation y
'PrimeFactorOscillations.nicolasLog_lower_on_nat_power_window' depends on axioms: [propext,
 Classical.choice,
 Quot.sound]
PrimeFactorOscillations.nicolasLog_power_intervals_of_zero {rho : ℂ} (hZero : riemannZeta rho = 0)
  (hHalf : 1 / 2 < rho.re) (hOne : rho.re < 1) {b : ℝ} (hLower : 1 - rho.re < b) (hbHalf : b ≤ 1 / 2) (d A X : ℝ)
  (hd : d < 1 - b / 2) (hA : 0 < A) :
  ∃ n, X < ↑n ∧ 6 ≤ n ∧ ∀ (y : ℝ), ↑n ≤ y → y ≤ ↑n + ↑n ^ d → A * ↑n ^ (-b) < Robin1984.nicolasLogMertensOscillation y
'PrimeFactorOscillations.nicolasLog_power_intervals_of_zero' depends on axioms: [propext, Classical.choice, Quot.sound]
PrimeFactorOscillations.nicolasPersistenceEnvelope_div (B b d x : ℝ) (hx : 0 < x) :
  PrimeFactorOscillations.nicolasPersistenceEnvelope B b d x / x =
    B * x ^ (-b) * Real.log x + 3 * x ^ (d - 1) * Real.log x
'PrimeFactorOscillations.nicolasPersistenceEnvelope_div' depends on axioms: [propext, Classical.choice, Quot.sound]
PrimeFactorOscillations.nicolasPersistenceLoss_normalize (B b d x : ℝ) (hx : 1 < x) :
  PrimeFactorOscillations.nicolasPersistenceLoss B b d x * x ^ b =
    2 * B * x ^ (d - 1) + 6 * x ^ (b + 2 * d - 2) + 6 * B ^ 2 * (x ^ (-b) * Real.log x) +
        36 * B * (x ^ (d - 1) * Real.log x) +
      54 * (x ^ (b + 2 * d - 2) * Real.log x)
'PrimeFactorOscillations.nicolasPersistenceLoss_normalize' depends on axioms: [propext, Classical.choice, Quot.sound]
PrimeFactorOscillations.nicolasPositiveArea_eq_zero_of_nonpos (x : ℝ)
  (hNonpos : ∀ (y : ℝ), x ≤ y → y ≤ 2 * x → Robin1984.nicolasLogMertensOscillation y ≤ 0) :
  PrimeFactorOscillations.nicolasPositiveArea x = 0
'PrimeFactorOscillations.nicolasPositiveArea_eq_zero_of_nonpos' depends on axioms: [propext,
 Classical.choice,
 Quot.sound]
PrimeFactorOscillations.nicolasPositiveArea_le_growing_moment (x : ℝ) (hx : 1 < x)
  (hPoint :
    ∀ (y : ℝ),
      x ≤ y →
        y ≤ 2 * x →
          Robin1984.nicolasLogMertensOscillation y ≤
            (PrimeFactorOscillations.nicolasMomentWave y - 1) / (y ^ (1 / 2) * Real.log y)) :
  PrimeFactorOscillations.nicolasPositiveArea x ≤
    ENNReal.ofReal (1 / (x ^ (1 / 2) * Real.log x)) *
      ∫⁻ (y : ℝ) in Set.Icc x (2 * x),
        ENNReal.ofReal (|PrimeFactorOscillations.nicolasMomentWave y| ^ PrimeFactorOscillations.nicolasMomentOrder x)
'PrimeFactorOscillations.nicolasPositiveArea_le_growing_moment' depends on axioms: [propext,
 Classical.choice,
 Quot.sound]
PrimeFactorOscillations.nicolasPositiveArea_le_moment (q : ℕ) (hq : 1 ≤ q) (x : ℝ) (hx : 1 < x)
  (hPoint :
    ∀ (y : ℝ),
      x ≤ y →
        y ≤ 2 * x →
          Robin1984.nicolasLogMertensOscillation y ≤
            (PrimeFactorOscillations.nicolasMomentWave y - 1) / (y ^ (1 / 2) * Real.log y)) :
  PrimeFactorOscillations.nicolasPositiveArea x ≤
    ENNReal.ofReal (1 / (x ^ (1 / 2) * Real.log x)) *
      ∫⁻ (y : ℝ) in Set.Icc x (2 * x), ENNReal.ofReal (|PrimeFactorOscillations.nicolasMomentWave y| ^ q)
'PrimeFactorOscillations.nicolasPositiveArea_le_moment' depends on axioms: [propext, Classical.choice, Quot.sound]
PrimeFactorOscillations.nicolasPositiveArea_lower_of_window (x A b d : ℝ) (hx : 1 ≤ x) (hA : 0 ≤ A) (hd : d ≤ 1)
  (hWindow : ∀ (y : ℝ), x ≤ y → y ≤ x + x ^ d → A * x ^ (-b) ≤ Robin1984.nicolasLogMertensOscillation y) :
  ENNReal.ofReal (A * x ^ (d - b)) ≤ PrimeFactorOscillations.nicolasPositiveArea x
'PrimeFactorOscillations.nicolasPositiveArea_lower_of_window' depends on axioms: [propext, Classical.choice, Quot.sound]
PrimeFactorOscillations.nicolas_wave_second_moment_upper (x : ℝ) (hx : 2 ≤ x) :
  ∫⁻ (y : ℝ) in Set.Icc x (2 * x), ENNReal.ofReal (|PrimeFactorOscillations.nicolasMomentWave y| ^ 2) ≤
    ENNReal.ofReal (8 * x * Real.log x ^ 2) * ∫⁻ (y : ℝ) in Set.Icc x (2 * x), ENNReal.ofReal (Robin1984.nicolasJ y ^ 2)
'PrimeFactorOscillations.nicolas_wave_second_moment_upper' depends on axioms: [propext, Classical.choice, Quot.sound]
PrimeFactorOscillations.oddsTiltLaw_eta_interior (t : ℝ) (ht : 0 < t) (p : ℕ) (hp : 1 < p) :
  0 < (PrimeFactorOscillations.oddsTiltLaw t ht).eta p ∧ (PrimeFactorOscillations.oddsTiltLaw t ht).eta p < 1
'PrimeFactorOscillations.oddsTiltLaw_eta_interior' depends on axioms: [propext, Classical.choice, Quot.sound]
PrimeFactorOscillations.oddsTiltLaw_odds (t : ℝ) (ht : 0 < t) (p : ℕ) (hp : 1 < p) :
  (PrimeFactorOscillations.oddsTiltLaw t ht).eta p / (1 - (PrimeFactorOscillations.oddsTiltLaw t ht).eta p) =
    t / (↑p - 1)
'PrimeFactorOscillations.oddsTiltLaw_odds' depends on axioms: [propext, Classical.choice, Quot.sound]
PrimeFactorOscillations.oddsTilt_esymm_eq (t : ℝ) (ht : 0 < t) (entries : List ℕ)
  (hEntries : ∀ (p : ℕ), List.Mem p entries → 1 < p) (r : ℕ) :
  (↑(List.map
            (fun p =>
              (PrimeFactorOscillations.oddsTiltLaw t ht).eta p / (1 - (PrimeFactorOscillations.oddsTiltLaw t ht).eta p))
            entries)).esymm
      r =
    t ^ r * ↑(PrimeFactorUnimodality.weightEsymm entries r)
'PrimeFactorOscillations.oddsTilt_esymm_eq' depends on axioms: [propext, Classical.choice, Quot.sound]
PrimeFactorOscillations.oddsTilt_mass_ratio_eq (t : ℝ) (ht : 0 < t) (entries : List ℕ)
  (hEntries : ∀ (p : ℕ), List.Mem p entries → 1 < p) (r : ℕ) (hr : 1 ≤ r) :
  (List.map (PrimeFactorOscillations.oddsTiltLaw t ht).eta entries).bernoulliMass (r - 1) /
      (List.map (PrimeFactorOscillations.oddsTiltLaw t ht).eta entries).bernoulliMass r =
    ↑(PrimeFactorUnimodality.densityRatio entries r) / t
'PrimeFactorOscillations.oddsTilt_mass_ratio_eq' depends on axioms: [propext, Classical.choice, Quot.sound]
PrimeFactorOscillations.oddsTilt_prefixMass_eq_sorted (t : ℝ) (ht : 0 < t) (p r : ℕ) :
  (PrimeFactorOscillations.oddsTiltLaw t ht).prefixMass p r =
    (List.map (PrimeFactorOscillations.oddsTiltLaw t ht).eta (PrimeFactorUnimodality.primesBelow p)).bernoulliMass r
'PrimeFactorOscillations.oddsTilt_prefixMass_eq_sorted' depends on axioms: [propext, Classical.choice, Quot.sound]
PrimeFactorOscillations.oddsTilt_prefixMass_pos (t : ℝ) (ht : 0 < t) (p r : ℕ)
  (hr : r ≤ (PrimeFactorUnimodality.primesBelow p).length) :
  0 < (PrimeFactorOscillations.oddsTiltLaw t ht).prefixMass p r
'PrimeFactorOscillations.oddsTilt_prefixMass_pos' depends on axioms: [propext, Classical.choice, Quot.sound]
PrimeFactorOscillations.oddsTilt_prefixMass_ratio_eq (t : ℝ) (ht : 0 < t) (p r : ℕ) (hr : 1 ≤ r) :
  (PrimeFactorOscillations.oddsTiltLaw t ht).prefixMass p (r - 1) /
      (PrimeFactorOscillations.oddsTiltLaw t ht).prefixMass p r =
    ↑(PrimeFactorUnimodality.densityRatio (PrimeFactorUnimodality.primesBelow p) r) / t
'PrimeFactorOscillations.oddsTilt_prefixMass_ratio_eq' depends on axioms: [propext, Classical.choice, Quot.sound]
PrimeFactorOscillations.oddsTilt_rank_ascent_iff (t : ℝ) (ht : 0 < t) (p q r : ℕ) (hp : Nat.Prime p) (hq : Nat.Prime q)
  (hpq : p < q) (hgap : ∀ (n : ℕ), p < n → n < q → ¬Nat.Prime n) (hr : 1 ≤ r)
  (hsupport : r ≤ (PrimeFactorUnimodality.primesBelow p).length) :
  (PrimeFactorOscillations.oddsTiltLaw t ht).rankDensityAt (r + 1) p <
      (PrimeFactorOscillations.oddsTiltLaw t ht).rankDensityAt (r + 1) q ↔
    ↑q - ↑p + t < ↑(PrimeFactorUnimodality.densityRatio (PrimeFactorUnimodality.primesBelow p) r)
'PrimeFactorOscillations.oddsTilt_rank_ascent_iff' depends on axioms: [propext, Classical.choice, Quot.sound]
PrimeFactorOscillations.oddsTilt_rank_ascent_index_iff (t : ℝ) (ht : 0 < t) (i r : ℕ) (hr : 1 ≤ r)
  (hsupport : r ≤ (PrimeFactorUnimodality.primesBelow (PrimeFactorUnimodality.primeAt i)).length) :
  (PrimeFactorOscillations.oddsTiltLaw t ht).rankDensity (r + 1) i <
      (PrimeFactorOscillations.oddsTiltLaw t ht).rankDensity (r + 1) (i + 1) ↔
    ↑(PrimeFactorUnimodality.primeGap i) + t <
      ↑(PrimeFactorUnimodality.densityRatio (PrimeFactorUnimodality.primesBelow (PrimeFactorUnimodality.primeAt i)) r)
'PrimeFactorOscillations.oddsTilt_rank_ascent_index_iff' depends on axioms: [propext, Classical.choice, Quot.sound]
PrimeFactorOscillations.oddsTilt_rank_descent_iff (t : ℝ) (ht : 0 < t) (p q r : ℕ) (hp : Nat.Prime p) (hq : Nat.Prime q)
  (hpq : p < q) (hgap : ∀ (n : ℕ), p < n → n < q → ¬Nat.Prime n) (hr : 1 ≤ r)
  (hsupport : r ≤ (PrimeFactorUnimodality.primesBelow p).length) :
  (PrimeFactorOscillations.oddsTiltLaw t ht).rankDensityAt (r + 1) q <
      (PrimeFactorOscillations.oddsTiltLaw t ht).rankDensityAt (r + 1) p ↔
    ↑(PrimeFactorUnimodality.densityRatio (PrimeFactorUnimodality.primesBelow p) r) < ↑q - ↑p + t
'PrimeFactorOscillations.oddsTilt_rank_descent_iff' depends on axioms: [propext, Classical.choice, Quot.sound]
PrimeFactorOscillations.oddsTilt_rank_descent_index_iff (t : ℝ) (ht : 0 < t) (i r : ℕ) (hr : 1 ≤ r)
  (hsupport : r ≤ (PrimeFactorUnimodality.primesBelow (PrimeFactorUnimodality.primeAt i)).length) :
  (PrimeFactorOscillations.oddsTiltLaw t ht).rankDensity (r + 1) (i + 1) <
      (PrimeFactorOscillations.oddsTiltLaw t ht).rankDensity (r + 1) i ↔
    ↑(PrimeFactorUnimodality.densityRatio (PrimeFactorUnimodality.primesBelow (PrimeFactorUnimodality.primeAt i)) r) <
      ↑(PrimeFactorUnimodality.primeGap i) + t
'PrimeFactorOscillations.oddsTilt_rank_descent_index_iff' depends on axioms: [propext, Classical.choice, Quot.sound]
PrimeFactorOscillations.oddsTilt_reciprocal_gap (t : ℝ) (ht : 0 < t) (p q : ℕ) :
  1 / (PrimeFactorOscillations.oddsTiltLaw t ht).eta q - 1 / (PrimeFactorOscillations.oddsTiltLaw t ht).eta p + 1 =
    (↑q - ↑p) / t + 1
'PrimeFactorOscillations.oddsTilt_reciprocal_gap' depends on axioms: [propext, Classical.choice, Quot.sound]
PrimeFactorOscillations.ordinaryEta_prime_probabilities (p : ℕ) (hp : Nat.Prime p) : 0 ≤ 1 / ↑p ∧ 1 / ↑p < 1
'PrimeFactorOscillations.ordinaryEta_prime_probabilities' depends on axioms: [propext, Classical.choice, Quot.sound]
PrimeFactorOscillations.ordinary_ascent_iff_gap (k i : ℕ) (hk : 2 ≤ k)
  (hden :
    0 <
      PrimeFactorOscillations.finiteLocalMass (fun p => 1 / ↑p)
        (PrimeFactorUnimodality.primesBelow (PrimeFactorUnimodality.primeAt i)) (k - 1)) :
  PrimeFactorOscillations.ordinaryDensity k i < PrimeFactorOscillations.ordinaryDensity k (i + 1) ↔
    ↑(PrimeFactorUnimodality.primeGap i) + 1 < PrimeFactorOscillations.localPrimeRatio (fun p => 1 / ↑p) (k - 1) i
'PrimeFactorOscillations.ordinary_ascent_iff_gap' depends on axioms: [propext, Classical.choice, Quot.sound]
PrimeFactorOscillations.ordinary_ascent_implies_twin_potential (k i : ℕ) (hk : 2 ≤ k)
  (hp : 2 < PrimeFactorUnimodality.primeAt i)
  (hden :
    0 <
      PrimeFactorOscillations.finiteLocalMass (fun p => 1 / ↑p)
        (PrimeFactorUnimodality.primesBelow (PrimeFactorUnimodality.primeAt i)) (k - 1))
  (hascent : PrimeFactorOscillations.ordinaryDensity k i < PrimeFactorOscillations.ordinaryDensity k (i + 1)) :
  3 < PrimeFactorOscillations.localPrimeRatio (fun p => 1 / ↑p) (k - 1) i
'PrimeFactorOscillations.ordinary_ascent_implies_twin_potential' depends on axioms: [propext,
 Classical.choice,
 Quot.sound]
PrimeFactorOscillations.ordinary_gap_cutoff_eventually_large (H : ℕ) (hH : 2 ≤ H) (b : ℝ) (hb : 0 < b)
  (hmargin : (↑H + 1) * b < 1) :
  ∀ᶠ (k : ℕ) in Filter.atTop,
    Real.exp (Real.exp (b * ↑k)) ≤
      ↑(PrimeFactorUnimodality.primeAt (PrimeFactorOscillations.ordinaryGapCutoffIndex H k))
'PrimeFactorOscillations.ordinary_gap_cutoff_eventually_large' depends on axioms: [propext,
 Classical.choice,
 Quot.sound]
PrimeFactorOscillations.ordinary_gap_cutoff_eventually_spec (H : ℕ) (hH : 2 ≤ H) :
  ∀ᶠ (k : ℕ) in Filter.atTop,
    PrimeFactorOscillations.ordinaryGapPotential H k (PrimeFactorOscillations.ordinaryGapCutoffIndex H k) ∧
      ∀ (i : ℕ),
        PrimeFactorOscillations.ordinaryGapPotential H k i → i ≤ PrimeFactorOscillations.ordinaryGapCutoffIndex H k
'PrimeFactorOscillations.ordinary_gap_cutoff_eventually_spec' depends on axioms: [propext, Classical.choice, Quot.sound]
PrimeFactorOscillations.ordinary_gap_potential_eventually_bddAbove (H : ℕ) (hH : 2 ≤ H) :
  ∀ᶠ (k : ℕ) in Filter.atTop, BddAbove {i | PrimeFactorOscillations.ordinaryGapPotential H k i}
'PrimeFactorOscillations.ordinary_gap_potential_eventually_bddAbove' depends on axioms: [propext,
 Classical.choice,
 Quot.sound]
PrimeFactorOscillations.ordinary_gap_potential_seed (H : ℕ) (b : ℝ) (hb : 0 < b) (hmargin : (↑H + 1) * b < 1) :
  ∃ K,
    4 ≤ K ∧
      ∀ (k : ℕ),
        K ≤ k →
          ∃ i,
            ⌈Real.exp (Real.exp (b * ↑k))⌉₊ ≤ PrimeFactorUnimodality.primeAt i ∧
              PrimeFactorUnimodality.primeAt i ≤ 2 * ⌈Real.exp (Real.exp (b * ↑k))⌉₊ ∧
                PrimeFactorOscillations.ordinaryGapPotential H k i
'PrimeFactorOscillations.ordinary_gap_potential_seed' depends on axioms: [propext, Classical.choice, Quot.sound]
PrimeFactorOscillations.ordinary_localPrimeRatio_eq (r i : ℕ) :
  PrimeFactorOscillations.localPrimeRatio (fun p => 1 / ↑p) r i =
    PrimeFactorUnimodality.densityRatio (PrimeFactorUnimodality.primesBelow (PrimeFactorUnimodality.primeAt i)) r
'PrimeFactorOscillations.ordinary_localPrimeRatio_eq' depends on axioms: [propext, Classical.choice, Quot.sound]
PrimeFactorOscillations.ordinary_twin_ascent_iff (k i : ℕ) (hk : 2 ≤ k) (hp : 2 < PrimeFactorUnimodality.primeAt i)
  (hden :
    0 <
      PrimeFactorOscillations.finiteLocalMass (fun p => 1 / ↑p)
        (PrimeFactorUnimodality.primesBelow (PrimeFactorUnimodality.primeAt i)) (k - 1))
  (htwin : PrimeFactorUnimodality.primeAt (i + 1) = PrimeFactorUnimodality.primeAt i + 2) :
  PrimeFactorOscillations.ordinaryDensity k i < PrimeFactorOscillations.ordinaryDensity k (i + 1) ↔
    3 < PrimeFactorOscillations.localPrimeRatio (fun p => 1 / ↑p) (k - 1) i
'PrimeFactorOscillations.ordinary_twin_ascent_iff' depends on axioms: [propext, Classical.choice, Quot.sound]
PrimeFactorOscillations.ordinary_twin_potential_initial_segment (r i j : ℕ) (hr : 1 ≤ r) (hij : i ≤ j)
  (hden :
    0 <
      PrimeFactorOscillations.finiteLocalMass (fun p => 1 / ↑p)
        (PrimeFactorUnimodality.primesBelow (PrimeFactorUnimodality.primeAt i)) r)
  (hj : 3 < PrimeFactorOscillations.localPrimeRatio (fun p => 1 / ↑p) r j) :
  3 < PrimeFactorOscillations.localPrimeRatio (fun p => 1 / ↑p) r i
'PrimeFactorOscillations.ordinary_twin_potential_initial_segment' depends on axioms: [propext,
 Classical.choice,
 Quot.sound]
PrimeFactorOscillations.positive_part_le_abs_pow (z : ℝ) (q : ℕ) (hq : 1 ≤ q) : max (z - 1) 0 ≤ |z| ^ q
'PrimeFactorOscillations.positive_part_le_abs_pow' depends on axioms: [propext, Classical.choice, Quot.sound]
PrimeFactorOscillations.positive_part_le_second_moment_envelope (v m : ℝ) (hm : 0 < m) : max (v - m) 0 ≤ v ^ 2 / (4 * m)
'PrimeFactorOscillations.positive_part_le_second_moment_envelope' depends on axioms: [propext,
 Classical.choice,
 Quot.sound]
PrimeFactorOscillations.power_subpower_mesh_amplification (m : ℕ → ℕ)
  (hm : ∀ (e : ℝ), 0 < e → ∀ᶠ (X : ℕ) in Filter.atTop, ↑X ^ (7 / 10 - e) ≤ ↑(m X)) (b C : ℝ) (hb : b < 1 / 2)
  (hC : 0 < C) :
  ∀ᶠ (X : ℕ) in Filter.atTop, C * ↑X ^ (7 / 10) < ↑(m X) * (↑(PrimeFactorOscillations.localTiltMesh X) * ↑X ^ (-b) - 1)
'PrimeFactorOscillations.power_subpower_mesh_amplification' depends on axioms: [propext, Classical.choice, Quot.sound]
PrimeFactorOscillations.prescribedTiltReversalCount_le_reference (H M r m : ℕ) (d a : Fin m → ℕ) (U : Fin m → ℝ)
  (hr : 1 ≤ r) (hda : ∀ (i : Fin m), d i < a i)
  (hdSupport : ∀ (i : Fin m), r ≤ (PrimeFactorUnimodality.primesBelow (PrimeFactorUnimodality.primeAt (d i))).length)
  (haSupport : ∀ (i : Fin m), r ≤ (PrimeFactorUnimodality.primesBelow (PrimeFactorUnimodality.primeAt (a i))).length)
  (hdRatio :
    ∀ (i : Fin m),
      ↑(PrimeFactorUnimodality.densityRatio (PrimeFactorUnimodality.primesBelow (PrimeFactorUnimodality.primeAt (d i)))
            r) <
        ↑(PrimeFactorUnimodality.primeGap (d i)) + 1)
  (hRU :
    ∀ (i : Fin m),
      ↑(PrimeFactorUnimodality.densityRatio (PrimeFactorUnimodality.primesBelow (PrimeFactorUnimodality.primeAt (a i)))
            r) ≤
        U i) :
  PrimeFactorOscillations.prescribedTiltReversalCount H M r m d a ≤
    PrimeFactorOscillations.prescribedTiltReferenceCount H M m U a
'PrimeFactorOscillations.prescribedTiltReversalCount_le_reference' depends on axioms: [propext,
 Classical.choice,
 Quot.sound]
PrimeFactorOscillations.prescribedTiltReversalCount_le_reference_of_ascent_comparison (H M r m : ℕ) (d a : Fin m → ℕ)
  (U : Fin m → ℝ) (hr : 1 ≤ r)
  (haSupport : ∀ (i : Fin m), r ≤ (PrimeFactorUnimodality.primesBelow (PrimeFactorUnimodality.primeAt (a i))).length)
  (hRU :
    ∀ (i : Fin m),
      ↑(PrimeFactorUnimodality.densityRatio (PrimeFactorUnimodality.primesBelow (PrimeFactorUnimodality.primeAt (a i)))
            r) ≤
        U i) :
  PrimeFactorOscillations.prescribedTiltReversalCount H M r m d a ≤
    PrimeFactorOscillations.prescribedTiltReferenceCount H M m U a
'PrimeFactorOscillations.prescribedTiltReversalCount_le_reference_of_ascent_comparison' depends on axioms: [propext,
 Classical.choice,
 Quot.sound]
PrimeFactorOscillations.prescribedTiltReversalCount_signed_lower (H M r m : ℕ) (hM : 0 < M) (d a : Fin m → ℕ)
  (U : Fin m → ℝ) (delta : ℝ) (hr : 1 ≤ r) (hda : ∀ (i : Fin m), d i < a i)
  (hdSupport : ∀ (i : Fin m), r ≤ (PrimeFactorUnimodality.primesBelow (PrimeFactorUnimodality.primeAt (d i))).length)
  (haSupport : ∀ (i : Fin m), r ≤ (PrimeFactorUnimodality.primesBelow (PrimeFactorUnimodality.primeAt (a i))).length)
  (hdRatio :
    ∀ (i : Fin m),
      ↑(PrimeFactorUnimodality.densityRatio (PrimeFactorUnimodality.primesBelow (PrimeFactorUnimodality.primeAt (d i)))
            r) <
        ↑(PrimeFactorUnimodality.primeGap (d i)) + 1)
  (hRLow :
    ∀ (i : Fin m),
      1 ≤
        ↑(PrimeFactorUnimodality.densityRatio
              (PrimeFactorUnimodality.primesBelow (PrimeFactorUnimodality.primeAt (a i))) r) -
          ↑(PrimeFactorUnimodality.primeGap (a i)))
  (hRHigh :
    ∀ (i : Fin m),
      ↑(PrimeFactorUnimodality.densityRatio (PrimeFactorUnimodality.primesBelow (PrimeFactorUnimodality.primeAt (a i)))
              r) -
          ↑(PrimeFactorUnimodality.primeGap (a i)) ≤
        ↑H + 1)
  (hULow : ∀ (i : Fin m), 1 ≤ U i - ↑(PrimeFactorUnimodality.primeGap (a i)))
  (hUHigh : ∀ (i : Fin m), U i - ↑(PrimeFactorUnimodality.primeGap (a i)) ≤ ↑H + 1)
  (hDelta :
    ∀ (i : Fin m),
      delta ≤
        ↑(PrimeFactorUnimodality.densityRatio
              (PrimeFactorUnimodality.primesBelow (PrimeFactorUnimodality.primeAt (a i))) r) -
          U i) :
  ↑m * (↑M * delta - 1) ≤
    ↑(PrimeFactorOscillations.prescribedTiltReversalCount H M r m d a) -
      ↑(PrimeFactorOscillations.prescribedTiltReferenceCount H M m U a)
'PrimeFactorOscillations.prescribedTiltReversalCount_signed_lower' depends on axioms: [propext,
 Classical.choice,
 Quot.sound]
PrimeFactorOscillations.prescribedTiltReversalSet_eq_ascentSet (H M r d a : ℕ) (hr : 1 ≤ r) (hda : d < a)
  (hdSupport : r ≤ (PrimeFactorUnimodality.primesBelow (PrimeFactorUnimodality.primeAt d)).length)
  (haSupport : r ≤ (PrimeFactorUnimodality.primesBelow (PrimeFactorUnimodality.primeAt a)).length)
  (hdRatio :
    ↑(PrimeFactorUnimodality.densityRatio (PrimeFactorUnimodality.primesBelow (PrimeFactorUnimodality.primeAt d)) r) <
      ↑(PrimeFactorUnimodality.primeGap d) + 1) :
  PrimeFactorOscillations.prescribedTiltReversalSet H M r d a =
    PrimeFactorOscillations.tiltAscentSet H M
      ↑(PrimeFactorUnimodality.densityRatio (PrimeFactorUnimodality.primesBelow (PrimeFactorUnimodality.primeAt a)) r)
      ↑(PrimeFactorUnimodality.primeGap a)
'PrimeFactorOscillations.prescribedTiltReversalSet_eq_ascentSet' depends on axioms: [propext,
 Classical.choice,
 Quot.sound]
PrimeFactorOscillations.prescribedTilt_cells_have_reversals (H M r m j : ℕ) (d a : Fin m → ℕ)
  (hsep : ∀ (i l : Fin m), i < l → a i + 1 < d l) :
  PrimeFactorOscillations.HasAtLeastReversals
    ((PrimeFactorOscillations.oddsTiltLaw (PrimeFactorOscillations.tiltGridValue M j) ⋯).rankDensity (r + 1))
    {i | j ∈ PrimeFactorOscillations.prescribedTiltReversalSet H M r (d i) (a i)}.card
'PrimeFactorOscillations.prescribedTilt_cells_have_reversals' depends on axioms: [propext, Classical.choice, Quot.sound]
PrimeFactorOscillations.primeGapSpectrum_eq_of_first_full_class (J : ℕ) (hJ : 2 ≤ J)
  (hfull : PrimeFactorOscillations.primeGapFrequencyExponent J = 1)
  (hsmall : ∀ (H : ℕ), 2 ≤ H → H < J → PrimeFactorOscillations.primeGapFrequencyExponent H = 0) (nu : ℝ)
  (hnu : 0 < nu) : PrimeFactorOscillations.primeGapSpectrum nu = 1 / (↑J + nu)
'PrimeFactorOscillations.primeGapSpectrum_eq_of_first_full_class' depends on axioms: [propext,
 Classical.choice,
 Quot.sound]
PrimeFactorOscillations.primePrefixLogSum_increment_bounds (N M : ℕ) (hN : 1 ≤ N) (hNM : N ≤ M) :
  0 ≤ PrimeFactorOscillations.primePrefixLogSum M - PrimeFactorOscillations.primePrefixLogSum N ∧
    PrimeFactorOscillations.primePrefixLogSum M - PrimeFactorOscillations.primePrefixLogSum N ≤ (↑M - ↑N) / ↑N
'PrimeFactorOscillations.primePrefixLogSum_increment_bounds' depends on axioms: [propext, Classical.choice, Quot.sound]
PrimeFactorOscillations.primePrefixLogSum_prime_step (i : ℕ) :
  PrimeFactorOscillations.primePrefixLogSum (PrimeFactorUnimodality.primeAt (i + 1) - 1) -
      PrimeFactorOscillations.primePrefixLogSum (PrimeFactorUnimodality.primeAt i - 1) =
    Real.log (1 + PrimeFactorOscillations.primeProfileWeight (PrimeFactorUnimodality.primeAt i))
'PrimeFactorOscillations.primePrefixLogSum_prime_step' depends on axioms: [propext, Classical.choice, Quot.sound]
PrimeFactorOscillations.primePrefixLogSum_prime_step_bounds (i : ℕ) :
  0 ≤
      PrimeFactorOscillations.primePrefixLogSum (PrimeFactorUnimodality.primeAt (i + 1) - 1) -
        PrimeFactorOscillations.primePrefixLogSum (PrimeFactorUnimodality.primeAt i - 1) ∧
    PrimeFactorOscillations.primePrefixLogSum (PrimeFactorUnimodality.primeAt (i + 1) - 1) -
        PrimeFactorOscillations.primePrefixLogSum (PrimeFactorUnimodality.primeAt i - 1) ≤
      1 / ↑(PrimeFactorUnimodality.primeAt i - 1)
'PrimeFactorOscillations.primePrefixLogSum_prime_step_bounds' depends on axioms: [propext, Classical.choice, Quot.sound]
PrimeFactorOscillations.primeProductClock_increment_le_log_clocks (N M : ℕ) (hN : 1 ≤ N) (hNM : N ≤ M) :
  0 ≤ PrimeFactorOscillations.nicolasPrimeProductClock ↑M - PrimeFactorOscillations.nicolasPrimeProductClock ↑N ∧
    PrimeFactorOscillations.nicolasPrimeProductClock ↑M - PrimeFactorOscillations.nicolasPrimeProductClock ↑N ≤
      PrimeFactorOscillations.nicolasPrimeProductClock ↑M *
          Real.log (PrimeFactorOscillations.nicolasPrimeProductClock ↑M) *
        ((↑M - ↑N) / ↑N)
'PrimeFactorOscillations.primeProductClock_increment_le_log_clocks' depends on axioms: [propext,
 Classical.choice,
 Quot.sound]
PrimeFactorOscillations.primeProfilePrefixSet_next_prime (i : ℕ) :
  PrimeFactorOscillations.primeProfilePrefixSet (PrimeFactorUnimodality.primeAt (i + 1) - 1) =
    insert ⟨PrimeFactorUnimodality.primeAt i, ⋯⟩
      (PrimeFactorOscillations.primeProfilePrefixSet (PrimeFactorUnimodality.primeAt i - 1))
'PrimeFactorOscillations.primeProfilePrefixSet_next_prime' depends on axioms: [propext, Classical.choice, Quot.sound]
PrimeFactorOscillations.primeProfilePrefix_sum_reciprocal_sq (N : ℕ) :
  ∑ p ∈ PrimeFactorOscillations.primeProfilePrefixSet N, 1 / ↑↑p ^ 2 = ∑ p ∈ Finset.Icc 0 N with Nat.Prime p, 1 / ↑p ^ 2
'PrimeFactorOscillations.primeProfilePrefix_sum_reciprocal_sq' depends on axioms: [propext,
 Classical.choice,
 Quot.sound]
PrimeFactorOscillations.primeProfilePrefix_sum_sq_abel (N : ℕ) (hN : 2 ≤ N) :
  ∑ p ∈ PrimeFactorOscillations.primeProfilePrefixSet N, 1 / ↑↑p ^ 2 =
    Chebyshev.theta ↑N / (↑N ^ 2 * Real.log ↑N) + ∫ (t : ℝ) in 2..↑N, Chebyshev.theta t * Robin1984.robinRealWeight 2 t
'PrimeFactorOscillations.primeProfilePrefix_sum_sq_abel' depends on axioms: [propext, Classical.choice, Quot.sound]
PrimeFactorOscillations.primeProfileQuadraticTail_bounds (N : ℕ) (hN : 1 ≤ N) :
  0 ≤ PrimeFactorOscillations.primeProfileQuadraticTail N ∧ PrimeFactorOscillations.primeProfileQuadraticTail N ≤ 2 / ↑N
'PrimeFactorOscillations.primeProfileQuadraticTail_bounds' depends on axioms: [propext, Classical.choice, Quot.sound]
PrimeFactorOscillations.primeProfileQuadraticTail_shift_bound (N : ℕ) (hN : 1 ≤ N) :
  0 ≤ PrimeFactorOscillations.primeProfileQuadraticTail N - PrimeFactorOscillations.primeReciprocalSquareTail N ∧
    PrimeFactorOscillations.primeProfileQuadraticTail N - PrimeFactorOscillations.primeReciprocalSquareTail N ≤
      4 / ↑N ^ 2
'PrimeFactorOscillations.primeProfileQuadraticTail_shift_bound' depends on axioms: [propext,
 Classical.choice,
 Quot.sound]
PrimeFactorOscillations.primeProfile_log_tail_quadratic_bound (N : ℕ) (hN : 1 ≤ N) (z : ℝ) (hz : 0 ≤ z) :
  |Real.log (PrimeFactorOscillations.primeProfile ↑z).re -
          Real.log (PrimeFactorOscillations.primePrefixProfile N ↑z).re +
        (z ^ 2 - z) / 2 * PrimeFactorOscillations.primeProfileQuadraticTail N| ≤
    2 * (z ^ 3 + z) / (3 * ↑N ^ 2)
'PrimeFactorOscillations.primeProfile_log_tail_quadratic_bound' depends on axioms: [propext,
 Classical.choice,
 Quot.sound]
PrimeFactorOscillations.primeReciprocalSquareTail_eq_integral (N : ℕ) (hN : 2 ≤ N) :
  PrimeFactorOscillations.primeReciprocalSquareTail N =
    PrimeFactorOscillations.primeSquareThetaTail ↑N - Chebyshev.theta ↑N / (↑N ^ 2 * Real.log ↑N)
'PrimeFactorOscillations.primeReciprocalSquareTail_eq_integral' depends on axioms: [propext,
 Classical.choice,
 Quot.sound]
PrimeFactorOscillations.primeSquareThetaTail_integrable {x : ℝ} (hx : 2 ≤ x) :
  MeasureTheory.IntegrableOn (fun t => Chebyshev.theta t * Robin1984.robinRealWeight 2 t) (Set.Ioi x)
    MeasureTheory.volume
'PrimeFactorOscillations.primeSquareThetaTail_integrable' depends on axioms: [propext, Classical.choice, Quot.sound]
PrimeFactorOscillations.quantitativeShortIntervalPairs_rh_iff_local_ascent (H : ℕ)
  (hSource : PrimeFactorOscillations.QuantitativeShortIntervalPairs H) :
  RiemannHypothesis ↔
    ∀ᶠ (X : ℕ) in Filter.atTop,
      PrimeFactorOscillations.localAscentCount H (PrimeFactorOscillations.localAscentPairNumber H)
          (PrimeFactorOscillations.selectedLocalAscentPair H) X ≤
        PrimeFactorOscillations.localReferenceCount H (PrimeFactorOscillations.localAscentPairNumber H)
          (PrimeFactorOscillations.selectedLocalAscentPair H) X
'PrimeFactorOscillations.quantitativeShortIntervalPairs_rh_iff_local_ascent' depends on axioms: [propext,
 Classical.choice,
 Quot.sound]
PrimeFactorOscillations.quantitativeShortIntervalPairs_rh_iff_local_ascent_power (H : ℕ)
  (hSource : PrimeFactorOscillations.QuantitativeShortIntervalPairs H) :
  RiemannHypothesis ↔
    ∃ C,
      0 < C ∧
        ∀ᶠ (X : ℕ) in Filter.atTop,
          ↑(PrimeFactorOscillations.localAscentCount H (PrimeFactorOscillations.localAscentPairNumber H)
                  (PrimeFactorOscillations.selectedLocalAscentPair H) X) -
              ↑(PrimeFactorOscillations.localReferenceCount H (PrimeFactorOscillations.localAscentPairNumber H)
                  (PrimeFactorOscillations.selectedLocalAscentPair H) X) ≤
            C * ↑X ^ (7 / 10)
'PrimeFactorOscillations.quantitativeShortIntervalPairs_rh_iff_local_ascent_power' depends on axioms: [propext,
 Classical.choice,
 Quot.sound]
PrimeFactorOscillations.riemannHypothesis_iff_eventually_localAscentCount_le_reference (H : ℕ) (m : ℕ → ℕ)
  (a : (X : ℕ) → Fin (m X) → ℕ) (hs : PrimeFactorOscillations.LocalAscentSampling H m a) :
  RiemannHypothesis ↔
    ∀ᶠ (X : ℕ) in Filter.atTop,
      PrimeFactorOscillations.localAscentCount H m a X ≤ PrimeFactorOscillations.localReferenceCount H m a X
'PrimeFactorOscillations.riemannHypothesis_iff_eventually_localAscentCount_le_reference' depends on axioms: [propext,
 Classical.choice,
 Quot.sound]
PrimeFactorOscillations.riemannHypothesis_iff_eventually_localAscentCount_power_upper (H : ℕ) (m : ℕ → ℕ)
  (a : (X : ℕ) → Fin (m X) → ℕ) (hs : PrimeFactorOscillations.LocalAscentSampling H m a) :
  RiemannHypothesis ↔
    ∃ C,
      0 < C ∧
        ∀ᶠ (X : ℕ) in Filter.atTop,
          ↑(PrimeFactorOscillations.localAscentCount H m a X) - ↑(PrimeFactorOscillations.localReferenceCount H m a X) ≤
            C * ↑X ^ (7 / 10)
'PrimeFactorOscillations.riemannHypothesis_iff_eventually_localAscentCount_power_upper' depends on axioms: [propext,
 Classical.choice,
 Quot.sound]
PrimeFactorOscillations.riemannHypothesis_iff_eventually_localReversalCount_le_reference (H : ℕ) (m : ℕ → ℕ)
  (d a : (X : ℕ) → Fin (m X) → ℕ) (hs : PrimeFactorOscillations.LocalReversalSampling H m d a) :
  RiemannHypothesis ↔
    ∀ᶠ (X : ℕ) in Filter.atTop,
      PrimeFactorOscillations.localReversalCount H m d a X ≤ PrimeFactorOscillations.localReferenceCount H m a X
'PrimeFactorOscillations.riemannHypothesis_iff_eventually_localReversalCount_le_reference' depends on axioms: [propext,
 Classical.choice,
 Quot.sound]
PrimeFactorOscillations.riemannHypothesis_iff_eventually_localReversalCount_power_upper (H : ℕ) (m : ℕ → ℕ)
  (d a : (X : ℕ) → Fin (m X) → ℕ) (hs : PrimeFactorOscillations.LocalReversalSampling H m d a) :
  RiemannHypothesis ↔
    ∃ C,
      0 < C ∧
        ∀ᶠ (X : ℕ) in Filter.atTop,
          ↑(PrimeFactorOscillations.localReversalCount H m d a X) -
              ↑(PrimeFactorOscillations.localReferenceCount H m a X) ≤
            C * ↑X ^ (1 / 10)
'PrimeFactorOscillations.riemannHypothesis_iff_eventually_localReversalCount_power_upper' depends on axioms: [propext,
 Classical.choice,
 Quot.sound]
PrimeFactorOscillations.riemannHypothesis_iff_eventually_sqrt_tilt_log_neg (c : ℝ) (hc : 0 < c) :
  RiemannHypothesis ↔ ∀ᶠ (x : ℝ) in Filter.atTop, PrimeFactorOscillations.nicolasTiltedLog (c * x ^ (1 / 2)) x < 0
'PrimeFactorOscillations.riemannHypothesis_iff_eventually_sqrt_tilt_log_neg' depends on axioms: [propext,
 Classical.choice,
 Quot.sound]
PrimeFactorOscillations.riemannHypothesis_iff_eventually_sqrt_tilt_product_lt_one (c : ℝ) (hc : 0 < c) :
  RiemannHypothesis ↔ ∀ᶠ (x : ℝ) in Filter.atTop, PrimeFactorOscillations.nicolasTiltedProduct (c * x ^ (1 / 2)) x < 1
'PrimeFactorOscillations.riemannHypothesis_iff_eventually_sqrt_tilt_product_lt_one' depends on axioms: [propext,
 Classical.choice,
 Quot.sound]
PrimeFactorOscillations.riemannHypothesis_iff_nicolasPositiveArea_bound :
  RiemannHypothesis ↔
    ∃ C B X,
      0 < C ∧
        ∀ (x : ℝ),
          X ≤ x → PrimeFactorOscillations.nicolasPositiveArea x ≤ ENNReal.ofReal (C * x ^ (1 / 4) * Real.log x ^ B)
'PrimeFactorOscillations.riemannHypothesis_iff_nicolasPositiveArea_bound' depends on axioms: [propext,
 Classical.choice,
 Quot.sound]
PrimeFactorOscillations.riemannHypothesis_iff_primeProfilePositiveArea_bound (alpha : ℝ) (ha : 0 < alpha) :
  RiemannHypothesis ↔
    ∃ C B X,
      0 < C ∧
        ∀ (x : ℝ),
          X ≤ x →
            PrimeFactorOscillations.primeProfilePositiveArea alpha x ≤ ENNReal.ofReal (C * x ^ (1 / 4) * Real.log x ^ B)
'PrimeFactorOscillations.riemannHypothesis_iff_primeProfilePositiveArea_bound' depends on axioms: [propext,
 Classical.choice,
 Quot.sound]
PrimeFactorOscillations.riemannHypothesis_of_growing_nicolas_moments (C : ℝ) (hC : 0 < C)
  (hMoment :
    ∀ᶠ (x : ℝ) in Filter.atTop,
      ∫⁻ (y : ℝ) in Set.Icc x (2 * x),
          ENNReal.ofReal
            (|PrimeFactorOscillations.nicolasMomentWave y| ^ PrimeFactorOscillations.nicolasMomentOrder x) ≤
        ENNReal.ofReal (C * x * 2 ^ (-↑(PrimeFactorOscillations.nicolasMomentOrder x)))) :
  RiemannHypothesis
'PrimeFactorOscillations.riemannHypothesis_of_growing_nicolas_moments' depends on axioms: [propext,
 Classical.choice,
 Quot.sound]
PrimeFactorOscillations.second_moment_area_envelope_ratio_diverges :
  Filter.Tendsto (fun x => x ^ (1 / 2) / Real.log x / (x ^ (1 / 4) / Real.log x)) Filter.atTop Filter.atTop
'PrimeFactorOscillations.second_moment_area_envelope_ratio_diverges' depends on axioms: [propext,
 Classical.choice,
 Quot.sound]
PrimeFactorOscillations.selectedCellDescent_spec (H X : ℕ)
  (h : ∃ d, PrimeFactorOscillations.CellDescentGeometry H X d) :
  PrimeFactorOscillations.CellDescentGeometry H X (PrimeFactorOscillations.selectedCellDescent H X)
'PrimeFactorOscillations.selectedCellDescent_spec' depends on axioms: [propext, Classical.choice, Quot.sound]
PrimeFactorOscillations.selectedShortPair_spec (H X z : ℕ)
  (h :
    ∃ i,
      z ≤ PrimeFactorUnimodality.primeAt i ∧
        PrimeFactorUnimodality.primeAt (i + 1) ≤ z + PrimeFactorOscillations.localCellWidth X ∧
          PrimeFactorUnimodality.primeGap i ≤ H) :
  z ≤ PrimeFactorUnimodality.primeAt (PrimeFactorOscillations.selectedShortPair H X z) ∧
    PrimeFactorUnimodality.primeAt (PrimeFactorOscillations.selectedShortPair H X z + 1) ≤
        z + PrimeFactorOscillations.localCellWidth X ∧
      PrimeFactorUnimodality.primeGap (PrimeFactorOscillations.selectedShortPair H X z) ≤ H
'PrimeFactorOscillations.selectedShortPair_spec' depends on axioms: [propext, Classical.choice, Quot.sound]
PrimeFactorOscillations.shortIntervalPairInput_of_allShortIntervalPairs (H : ℕ)
  (hSource : PrimeFactorOscillations.AllShortIntervalPairs H) : PrimeFactorOscillations.ShortIntervalPairInput H
'PrimeFactorOscillations.shortIntervalPairInput_of_allShortIntervalPairs' depends on axioms: [propext,
 Classical.choice,
 Quot.sound]
PrimeFactorOscillations.shortIntervalPairInput_rh_iff_local_count (H : ℕ)
  (hSource : PrimeFactorOscillations.ShortIntervalPairInput H) :
  RiemannHypothesis ↔
    ∀ᶠ (X : ℕ) in Filter.atTop,
      PrimeFactorOscillations.localReversalCount H PrimeFactorOscillations.localCellNumber
          (PrimeFactorOscillations.selectedCellDescent H) (PrimeFactorOscillations.selectedCellAscent H) X ≤
        PrimeFactorOscillations.localReferenceCount H PrimeFactorOscillations.localCellNumber
          (PrimeFactorOscillations.selectedCellAscent H) X
'PrimeFactorOscillations.shortIntervalPairInput_rh_iff_local_count' depends on axioms: [propext,
 Classical.choice,
 Quot.sound]
PrimeFactorOscillations.shortIntervalPairInput_rh_iff_local_count_power (H : ℕ)
  (hSource : PrimeFactorOscillations.ShortIntervalPairInput H) :
  RiemannHypothesis ↔
    ∃ C,
      0 < C ∧
        ∀ᶠ (X : ℕ) in Filter.atTop,
          ↑(PrimeFactorOscillations.localReversalCount H PrimeFactorOscillations.localCellNumber
                  (PrimeFactorOscillations.selectedCellDescent H) (PrimeFactorOscillations.selectedCellAscent H) X) -
              ↑(PrimeFactorOscillations.localReferenceCount H PrimeFactorOscillations.localCellNumber
                  (PrimeFactorOscillations.selectedCellAscent H) X) ≤
            C * ↑X ^ (1 / 10)
'PrimeFactorOscillations.shortIntervalPairInput_rh_iff_local_count_power' depends on axioms: [propext,
 Classical.choice,
 Quot.sound]
PrimeFactorOscillations.subpower_supply_of_power_log_lower (m : ℕ → ℕ) (c B : ℝ) (hc : 0 < c)
  (hLower : ∀ᶠ (X : ℕ) in Filter.atTop, c * ↑X ^ (7 / 10) / Real.log ↑X ^ B ≤ ↑(m X)) (e : ℝ) :
  0 < e → ∀ᶠ (X : ℕ) in Filter.atTop, ↑X ^ (7 / 10 - e) ≤ ↑(m X)
'PrimeFactorOscillations.subpower_supply_of_power_log_lower' depends on axioms: [propext, Classical.choice, Quot.sound]
PrimeFactorOscillations.summable_prime_reciprocal_sq : Summable fun p => 1 / ↑↑p ^ 2
'PrimeFactorOscillations.summable_prime_reciprocal_sq' depends on axioms: [propext, Classical.choice, Quot.sound]
PrimeFactorOscillations.tendsto_growing_primeProfile_tail_scaled (c : ℝ) (hc : 0 < c) :
  Filter.Tendsto
    (fun x =>
      (Real.log (PrimeFactorOscillations.primeProfile ↑(c * √x)).re -
            Real.log (PrimeFactorOscillations.primePrefixProfile ⌊x⌋₊ ↑(c * √x)).re) *
          Real.log x /
        c)
    Filter.atTop (nhds (-c / 2))
'PrimeFactorOscillations.tendsto_growing_primeProfile_tail_scaled' depends on axioms: [propext,
 Classical.choice,
 Quot.sound]
PrimeFactorOscillations.tendsto_integer_clock_reference_wave (P : ℕ → ℕ) (T : ℕ → ℝ)
  (hP : Filter.Tendsto (fun k => ↑(P k)) Filter.atTop Filter.atTop)
  (hTrack :
    Filter.Tendsto (fun k => (T k - PrimeFactorOscillations.nicolasPrimeProductClock ↑(P k - 1)) / √↑(P k)) Filter.atTop
      (nhds 0))
  (hRH : RiemannHypothesis) :
  Filter.Tendsto
    (fun k => (T k - Chebyshev.theta ↑(P k - 1)) / √↑(P k) - (2 + PrimeFactorOscillations.nicolasZeroWave ↑(P k - 1)))
    Filter.atTop (nhds 0)
'PrimeFactorOscillations.tendsto_integer_clock_reference_wave' depends on axioms: [propext,
 Classical.choice,
 Quot.sound]
PrimeFactorOscillations.tendsto_last_ascent_div_gap_cutoff (H : ℕ) (hH : 2 ≤ H)
  (hMin : ∀ᶠ (i : ℕ) in Filter.atTop, H ≤ PrimeFactorUnimodality.primeGap i)
  (hCoverage :
    ∀ᶠ (x : ℝ) in Filter.atTop,
      ∃ i,
        x < ↑(PrimeFactorUnimodality.primeAt i) ∧
          ↑(PrimeFactorUnimodality.primeAt i) ≤ x + PrimeFactorOscillations.gapCoverageLength x ∧
            PrimeFactorUnimodality.primeGap i = H) :
  Filter.Tendsto
    (fun k =>
      ↑(PrimeFactorOscillations.lastAscentPrime (PrimeFactorOscillations.ordinaryDensity k)) /
        ↑(PrimeFactorUnimodality.primeAt (PrimeFactorOscillations.ordinaryGapCutoffIndex H k)))
    Filter.atTop (nhds 1)
'PrimeFactorOscillations.tendsto_last_ascent_div_gap_cutoff' depends on axioms: [propext, Classical.choice, Quot.sound]
PrimeFactorOscillations.tendsto_last_ascent_of_local_gap_coverage (H : ℕ) (hH : 2 ≤ H)
  (hMin : ∀ᶠ (i : ℕ) in Filter.atTop, H ≤ PrimeFactorUnimodality.primeGap i)
  (hCoverage :
    ∀ᶠ (x : ℝ) in Filter.atTop,
      ∃ i,
        x < ↑(PrimeFactorUnimodality.primeAt i) ∧
          ↑(PrimeFactorUnimodality.primeAt i) ≤ x + PrimeFactorOscillations.gapCoverageLength x ∧
            PrimeFactorUnimodality.primeGap i = H) :
  Filter.Tendsto (fun k => ↑(PrimeFactorOscillations.lastAscentPrime (PrimeFactorOscillations.ordinaryDensity k)))
    Filter.atTop Filter.atTop
'PrimeFactorOscillations.tendsto_last_ascent_of_local_gap_coverage' depends on axioms: [propext,
 Classical.choice,
 Quot.sound]
PrimeFactorOscillations.tendsto_last_ascent_reference_clock_error (H : ℕ) (hH : 2 ≤ H)
  (hMin : ∀ᶠ (i : ℕ) in Filter.atTop, H ≤ PrimeFactorUnimodality.primeGap i)
  (hCoverage :
    ∀ᶠ (x : ℝ) in Filter.atTop,
      ∃ i,
        x < ↑(PrimeFactorUnimodality.primeAt i) ∧
          ↑(PrimeFactorUnimodality.primeAt i) ≤ x + PrimeFactorOscillations.gapCoverageLength x ∧
            PrimeFactorUnimodality.primeGap i = H)
  (u : ℕ → ℝ)
  (hRoot :
    ∀ᶠ (r : ℕ) in Filter.atTop,
      (0 < u r ∧ (↑H + 1) / 2 ≤ ↑r / u r ∧ ↑r / u r ≤ 2 * (↑H + 1)) ∧
        Nat.factorialConvolution PrimeFactorOscillations.primeProfileRealCoefficient (r - 1) (u r) /
            Nat.factorialConvolution PrimeFactorOscillations.primeProfileRealCoefficient r (u r) =
          ↑H + 1) :
  Filter.Tendsto
    (fun k =>
      (Real.exp (Real.exp (u (k - 1) - Real.eulerMascheroniConstant)) -
          PrimeFactorOscillations.nicolasPrimeProductClock
            ↑(PrimeFactorOscillations.lastAscentPrime (PrimeFactorOscillations.ordinaryDensity k) - 1)) /
        √↑(PrimeFactorOscillations.lastAscentPrime (PrimeFactorOscillations.ordinaryDensity k)))
    Filter.atTop (nhds 0)
'PrimeFactorOscillations.tendsto_last_ascent_reference_clock_error' depends on axioms: [propext,
 Classical.choice,
 Quot.sound]
PrimeFactorOscillations.tendsto_nicolasGrowingTilt_correction (c : ℝ) (hc : 0 < c) :
  Filter.Tendsto
    (fun x =>
      (PrimeFactorOscillations.nicolasTiltedLog (c * √x) x / (c * √x) - Robin1984.nicolasLogMertensOscillation x) *
        (√x * Real.log x))
    Filter.atTop (nhds (-c / 2))
'PrimeFactorOscillations.tendsto_nicolasGrowingTilt_correction' depends on axioms: [propext,
 Classical.choice,
 Quot.sound]
PrimeFactorOscillations.tendsto_nicolasK_mul_log_zero_unconditionally :
  Filter.Tendsto (fun x => Robin1984.nicolasK x * Real.log x) Filter.atTop (nhds 0)
'PrimeFactorOscillations.tendsto_nicolasK_mul_log_zero_unconditionally' depends on axioms: [propext,
 Classical.choice,
 Quot.sound]
PrimeFactorOscillations.tendsto_nicolasLog_mul_log_zero_unconditionally :
  Filter.Tendsto (fun x => Robin1984.nicolasLogMertensOscillation x * Real.log x) Filter.atTop (nhds 0)
'PrimeFactorOscillations.tendsto_nicolasLog_mul_log_zero_unconditionally' depends on axioms: [propext,
 Classical.choice,
 Quot.sound]
PrimeFactorOscillations.tendsto_nicolasLog_zero_unconditionally :
  Filter.Tendsto Robin1984.nicolasLogMertensOscillation Filter.atTop (nhds 0)
'PrimeFactorOscillations.tendsto_nicolasLog_zero_unconditionally' depends on axioms: [propext,
 Classical.choice,
 Quot.sound]
PrimeFactorOscillations.tendsto_nicolasPersistenceEnvelope_div (B b d : ℝ) (hb : 0 < b) (hd : d < 1) :
  Filter.Tendsto (fun x => PrimeFactorOscillations.nicolasPersistenceEnvelope B b d x / x) Filter.atTop (nhds 0)
'PrimeFactorOscillations.tendsto_nicolasPersistenceEnvelope_div' depends on axioms: [propext,
 Classical.choice,
 Quot.sound]
PrimeFactorOscillations.tendsto_nicolasPersistenceLoss_normalized (B b d : ℝ) (hb : 0 < b) (hd : d < 1 - b / 2) :
  Filter.Tendsto (fun x => PrimeFactorOscillations.nicolasPersistenceLoss B b d x * x ^ b) Filter.atTop (nhds 0)
'PrimeFactorOscillations.tendsto_nicolasPersistenceLoss_normalized' depends on axioms: [propext,
 Classical.choice,
 Quot.sound]
PrimeFactorOscillations.tendsto_nicolasPrimeProductClock_div_self :
  Filter.Tendsto (fun x => PrimeFactorOscillations.nicolasPrimeProductClock x / x) Filter.atTop (nhds 1)
'PrimeFactorOscillations.tendsto_nicolasPrimeProductClock_div_self' depends on axioms: [propext,
 Classical.choice,
 Quot.sound]
PrimeFactorOscillations.tendsto_ordinaryGapCutoffPrefix (H : ℕ) (hH : 2 ≤ H) :
  Filter.Tendsto (fun k => PrimeFactorUnimodality.primeAt (PrimeFactorOscillations.ordinaryGapCutoffIndex H k) - 1)
    Filter.atTop Filter.atTop
'PrimeFactorOscillations.tendsto_ordinaryGapCutoffPrefix' depends on axioms: [propext, Classical.choice, Quot.sound]
PrimeFactorOscillations.tendsto_ordinaryGapCutoffPrime (H : ℕ) (hH : 2 ≤ H) :
  Filter.Tendsto (fun k => ↑(PrimeFactorUnimodality.primeAt (PrimeFactorOscillations.ordinaryGapCutoffIndex H k)))
    Filter.atTop Filter.atTop
'PrimeFactorOscillations.tendsto_ordinaryGapCutoffPrime' depends on axioms: [propext, Classical.choice, Quot.sound]
PrimeFactorOscillations.tendsto_primeProfileQuadraticTail_floor_scaled :
  Filter.Tendsto (fun x => PrimeFactorOscillations.primeProfileQuadraticTail ⌊x⌋₊ * (x * Real.log x)) Filter.atTop
    (nhds 1)
'PrimeFactorOscillations.tendsto_primeProfileQuadraticTail_floor_scaled' depends on axioms: [propext,
 Classical.choice,
 Quot.sound]
PrimeFactorOscillations.tendsto_primeProfileQuadraticTail_scaled :
  Filter.Tendsto (fun N => PrimeFactorOscillations.primeProfileQuadraticTail N * (↑N * Real.log ↑N)) Filter.atTop
    (nhds 1)
'PrimeFactorOscillations.tendsto_primeProfileQuadraticTail_scaled' depends on axioms: [propext,
 Classical.choice,
 Quot.sound]
PrimeFactorOscillations.tendsto_primeReciprocalSquareTail_scaled :
  Filter.Tendsto (fun N => PrimeFactorOscillations.primeReciprocalSquareTail N * (↑N * Real.log ↑N)) Filter.atTop
    (nhds 1)
'PrimeFactorOscillations.tendsto_primeReciprocalSquareTail_scaled' depends on axioms: [propext,
 Classical.choice,
 Quot.sound]
PrimeFactorOscillations.tendsto_primeSquareThetaTail_scaled :
  Filter.Tendsto (fun x => PrimeFactorOscillations.primeSquareThetaTail x * (x * Real.log x)) Filter.atTop (nhds 2)
'PrimeFactorOscillations.tendsto_primeSquareThetaTail_scaled' depends on axioms: [propext, Classical.choice, Quot.sound]
PrimeFactorOscillations.tendsto_theta_square_boundary_zero :
  Filter.Tendsto (fun N => Chebyshev.theta ↑N / (↑N ^ 2 * Real.log ↑N)) Filter.atTop (nhds 0)
'PrimeFactorOscillations.tendsto_theta_square_boundary_zero' depends on axioms: [propext, Classical.choice, Quot.sound]
PrimeFactorOscillations.tendsto_weightTwo_linear_kernel_scaled :
  Filter.Tendsto (fun x => (Robin1984.robinZeroKernel 2 1 x).re * (x * Real.log x)) Filter.atTop (nhds 2)
'PrimeFactorOscillations.tendsto_weightTwo_linear_kernel_scaled' depends on axioms: [propext,
 Classical.choice,
 Quot.sound]
PrimeFactorOscillations.theta_weight_two_eq_kernel (t : ℝ) (ht : 0 < t) :
  Chebyshev.theta t * Robin1984.robinRealWeight 2 t =
    Chebyshev.theta t * (1 + 2 * Real.log t) / (t ^ 3 * Real.log t ^ 2)
'PrimeFactorOscillations.theta_weight_two_eq_kernel' depends on axioms: [propext, Classical.choice, Quot.sound]
PrimeFactorOscillations.tiltAscentCount_sub_eq_excess_sub_deficit (H M : ℕ) (R U g : ℝ) :
  ↑(PrimeFactorOscillations.tiltAscentSet H M R g).card - ↑(PrimeFactorOscillations.tiltAscentSet H M U g).card =
    ↑(PrimeFactorOscillations.tiltExcessSet H M R U g).card - ↑(PrimeFactorOscillations.tiltExcessSet H M U R g).card
'PrimeFactorOscillations.tiltAscentCount_sub_eq_excess_sub_deficit' depends on axioms: [propext,
 Classical.choice,
 Quot.sound]
PrimeFactorOscillations.tiltAscentCount_sum_signed_error_le.{u_1} {I : Type u_1} (s : Finset I) (H M : ℕ) (hM : 0 < M)
  (R U g : I → ℝ) (hRLow : ∀ i ∈ s, 1 ≤ R i - g i) (hRHigh : ∀ i ∈ s, R i - g i ≤ ↑H + 1)
  (hULow : ∀ i ∈ s, 1 ≤ U i - g i) (hUHigh : ∀ i ∈ s, U i - g i ≤ ↑H + 1) :
  |∑ i ∈ s,
          (↑(PrimeFactorOscillations.tiltExcessSet H M (R i) (U i) (g i)).card -
            ↑(PrimeFactorOscillations.tiltExcessSet H M (U i) (R i) (g i)).card) -
        ↑M * ∑ i ∈ s, (R i - U i)| ≤
    ↑s.card
'PrimeFactorOscillations.tiltAscentCount_sum_signed_error_le' depends on axioms: [propext, Classical.choice, Quot.sound]
PrimeFactorOscillations.tiltAscentSet_card_eq_ceil (H M : ℕ) (hM : 0 < M) (R g : ℝ) (hHigh : R - g ≤ ↑H + 1) :
  (PrimeFactorOscillations.tiltAscentSet H M R g).card = ⌈↑M * (R - g - 1)⌉₊
'PrimeFactorOscillations.tiltAscentSet_card_eq_ceil' depends on axioms: [propext, Classical.choice, Quot.sound]
PrimeFactorOscillations.tiltAscentSet_card_le (H M : ℕ) (R U g : ℝ) (h : U ≤ R) :
  (PrimeFactorOscillations.tiltAscentSet H M U g).card ≤ (PrimeFactorOscillations.tiltAscentSet H M R g).card
'PrimeFactorOscillations.tiltAscentSet_card_le' depends on axioms: [propext, Classical.choice, Quot.sound]
PrimeFactorOscillations.tiltAscentSet_card_lt_of_mesh_lt (H M : ℕ) (hM : 0 < M) (R U g : ℝ) (hLow : 1 ≤ U - g)
  (hHigh : R - g ≤ ↑H + 1) (hGain : 1 / ↑M < R - U) :
  (PrimeFactorOscillations.tiltAscentSet H M U g).card < (PrimeFactorOscillations.tiltAscentSet H M R g).card
'PrimeFactorOscillations.tiltAscentSet_card_lt_of_mesh_lt' depends on axioms: [propext, Classical.choice, Quot.sound]
PrimeFactorOscillations.tiltAscentSet_eq_range_ceil (H M : ℕ) (hM : 0 < M) (R g : ℝ) (hHigh : R - g ≤ ↑H + 1) :
  PrimeFactorOscillations.tiltAscentSet H M R g = Finset.range ⌈↑M * (R - g - 1)⌉₊
'PrimeFactorOscillations.tiltAscentSet_eq_range_ceil' depends on axioms: [propext, Classical.choice, Quot.sound]
PrimeFactorOscillations.tiltAscentSet_signed_error_lt_one (H M : ℕ) (hM : 0 < M) (R U g : ℝ) (hRLow : 1 ≤ R - g)
  (hRHigh : R - g ≤ ↑H + 1) (hULow : 1 ≤ U - g) (hUHigh : U - g ≤ ↑H + 1) :
  |↑(PrimeFactorOscillations.tiltAscentSet H M R g).card - ↑(PrimeFactorOscillations.tiltAscentSet H M U g).card -
        ↑M * (R - U)| <
    1
'PrimeFactorOscillations.tiltAscentSet_signed_error_lt_one' depends on axioms: [propext, Classical.choice, Quot.sound]
PrimeFactorOscillations.tiltAscentSet_subset (H M : ℕ) (R U g : ℝ) (h : U ≤ R) :
  PrimeFactorOscillations.tiltAscentSet H M U g ⊆ PrimeFactorOscillations.tiltAscentSet H M R g
'PrimeFactorOscillations.tiltAscentSet_subset' depends on axioms: [propext, Classical.choice, Quot.sound]
PrimeFactorOscillations.tiltAscentSet_sum_lower.{u_1} {I : Type u_1} (s : Finset I) (H M : ℕ) (hM : 0 < M)
  (R U g : I → ℝ) (delta : ℝ) (hRLow : ∀ i ∈ s, 1 ≤ R i - g i) (hRHigh : ∀ i ∈ s, R i - g i ≤ ↑H + 1)
  (hULow : ∀ i ∈ s, 1 ≤ U i - g i) (hUHigh : ∀ i ∈ s, U i - g i ≤ ↑H + 1) (hDelta : ∀ i ∈ s, delta ≤ R i - U i) :
  ↑s.card * (↑M * delta - 1) ≤
    ∑ i ∈ s,
      (↑(PrimeFactorOscillations.tiltAscentSet H M (R i) (g i)).card -
        ↑(PrimeFactorOscillations.tiltAscentSet H M (U i) (g i)).card)
'PrimeFactorOscillations.tiltAscentSet_sum_lower' depends on axioms: [propext, Classical.choice, Quot.sound]
PrimeFactorOscillations.tiltGridValue_pos (M j : ℕ) : 0 < PrimeFactorOscillations.tiltGridValue M j
'PrimeFactorOscillations.tiltGridValue_pos' depends on axioms: [propext, Classical.choice, Quot.sound]
PrimeFactorOscillations.tilted_gap_threshold_iff (R g t : ℝ) (ht : 0 < t) : g / t + 1 < R / t ↔ g + t < R
'PrimeFactorOscillations.tilted_gap_threshold_iff' depends on axioms: [propext, Classical.choice, Quot.sound]
PrimeFactorOscillations.tsum_prime_reciprocal_sq_eq_theta_integral :
  ∑' (p : Nat.Primes), 1 / ↑↑p ^ 2 = PrimeFactorOscillations.primeSquareThetaTail 2
'PrimeFactorOscillations.tsum_prime_reciprocal_sq_eq_theta_integral' depends on axioms: [propext,
 Classical.choice,
 Quot.sound]
PrimeFactorOscillations.weightEsymm_positive_degree_supported (p r : ℕ)
  (h : 0 < ↑(PrimeFactorUnimodality.weightEsymm (PrimeFactorUnimodality.primesBelow p) r)) :
  r ≤ (PrimeFactorUnimodality.primesBelow p).length
'PrimeFactorOscillations.weightEsymm_positive_degree_supported' depends on axioms: [propext,
 Classical.choice,
 Quot.sound]
PrimeFactorOscillations.zeta_re_le_of_nicolasPositiveArea_bound (a C B X : ℝ) (ha : 1 / 4 ≤ a) (hC : 0 < C)
  (hBound :
    ∀ (x : ℝ), X ≤ x → PrimeFactorOscillations.nicolasPositiveArea x ≤ ENNReal.ofReal (C * x ^ a * Real.log x ^ B))
  {rho : ℂ} (hZero : riemannZeta rho = 0) (hHalf : 1 / 2 < rho.re) (hOne : rho.re < 1) : rho.re ≤ (1 + 2 * a) / 3
'PrimeFactorOscillations.zeta_re_le_of_nicolasPositiveArea_bound' depends on axioms: [propext,
 Classical.choice,
 Quot.sound]
PrimeFactorOscillations.zeta_re_le_of_nicolasPositiveArea_subpower_bound (a : ℝ) (ha : 1 / 4 ≤ a)
  (hBound :
    ∀ (e : ℝ),
      0 < e →
        ∃ C X,
          0 < C ∧ ∀ (x : ℝ), X ≤ x → PrimeFactorOscillations.nicolasPositiveArea x ≤ ENNReal.ofReal (C * x ^ (a + e)))
  {rho : ℂ} (hZero : riemannZeta rho = 0) (hHalf : 1 / 2 < rho.re) (hOne : rho.re < 1) : rho.re ≤ (1 + 2 * a) / 3
'PrimeFactorOscillations.zeta_re_le_of_nicolasPositiveArea_subpower_bound' depends on axioms: [propext,
 Classical.choice,
 Quot.sound]
Real.log_one_add_cubic_remainder_bounds (u : ℝ) (hu : 0 ≤ u) :
  0 ≤ Real.log (1 + u) - u + u ^ 2 / 2 ∧ Real.log (1 + u) - u + u ^ 2 / 2 ≤ u ^ 3 / 3
'Real.log_one_add_cubic_remainder_bounds' depends on axioms: [propext, Classical.choice, Quot.sound]
